DateKey,Date
1,2022-03-10 00:00:00
2,2018-03-29 00:00:00
3,2022-07-17 00:00:00
4,2015-08-18 00:00:00
5,2020-01-17 00:00:00
6,2015-04-03 00:00:00
7,2017-03-05 00:00:00
8,2015-02-24 00:00:00
9,2013-05-23 00:00:00
10,2018-04-01 00:00:00
11,2022-04-27 00:00:00
12,2019-05-03 00:00:00
13,2016-12-04 00:00:00
14,2019-11-29 00:00:00
15,2020-03-12 00:00:00
16,2013-01-16 00:00:00
17,2019-06-23 00:00:00
18,2020-03-23 00:00:00
19,2021-07-04 00:00:00
20,2016-10-11 00:00:00
21,2014-06-19 00:00:00
22,2016-06-09 00:00:00
23,2014-05-20 00:00:00
24,2019-12-03 00:00:00
25,2018-08-24 00:00:00
26,2021-02-19 00:00:00
27,2021-10-07 00:00:00
28,2015-12-22 00:00:00
29,2016-10-08 00:00:00
30,2013-08-11 00:00:00
31,2017-11-22 00:00:00
32,2021-10-01 00:00:00
33,2018-11-23 00:00:00
34,2016-02-15 00:00:00
35,2018-06-15 00:00:00
36,2022-01-04 00:00:00
37,2016-04-21 00:00:00
38,2021-12-11 00:00:00
39,2016-03-02 00:00:00
40,2018-03-30 00:00:00
41,2018-01-02 00:00:00
42,2017-12-13 00:00:00
43,2020-11-17 00:00:00
44,2018-07-13 00:00:00
45,2013-07-02 00:00:00
46,2016-10-02 00:00:00
47,2013-10-31 00:00:00
48,2017-04-19 00:00:00
49,2021-12-14 00:00:00
50,2020-07-06 00:00:00
51,2018-06-19 00:00:00
52,2015-02-26 00:00:00
53,2020-06-18 00:00:00
54,2020-11-30 00:00:00
55,2018-08-02 00:00:00
56,2022-01-16 00:00:00
57,2016-04-11 00:00:00
58,2013-12-19 00:00:00
59,2017-06-18 00:00:00
60,2015-10-07 00:00:00
61,2022-12-03 00:00:00
62,2018-11-26 00:00:00
63,2016-01-26 00:00:00
64,2013-07-20 00:00:00
65,2021-11-22 00:00:00
66,2014-04-16 00:00:00
67,2015-03-03 00:00:00
68,2015-07-13 00:00:00
69,2013-03-13 00:00:00
70,2016-04-14 00:00:00
71,2021-10-17 00:00:00
72,2018-10-26 00:00:00
73,2016-11-01 00:00:00
74,2017-04-20 00:00:00
75,2019-03-06 00:00:00
76,2015-04-24 00:00:00
77,2018-03-17 00:00:00
78,2018-11-12 00:00:00
79,2019-11-24 00:00:00
80,2020-04-07 00:00:00
81,2019-10-31 00:00:00
82,2014-01-05 00:00:00
83,2021-10-27 00:00:00
84,2018-03-07 00:00:00
85,2021-07-10 00:00:00
86,2017-07-06 00:00:00
87,2022-08-03 00:00:00
88,2014-04-21 00:00:00
89,2016-12-27 00:00:00
90,2013-12-09 00:00:00
91,2020-04-11 00:00:00
92,2020-12-17 00:00:00
93,2019-12-29 00:00:00
94,2019-05-13 00:00:00
95,2013-04-21 00:00:00
96,2020-05-12 00:00:00
97,2016-08-01 00:00:00
98,2016-10-22 00:00:00
99,2022-01-28 00:00:00
100,2014-03-31 00:00:00
101,2017-06-23 00:00:00
102,2018-04-17 00:00:00
103,2019-09-08 00:00:00
104,2015-08-28 00:00:00
105,2013-01-03 00:00:00
106,2018-10-24 00:00:00
107,2016-03-21 00:00:00
108,2017-05-12 00:00:00
109,2014-09-09 00:00:00
110,2014-02-03 00:00:00
111,2015-10-12 00:00:00
112,2016-10-27 00:00:00
113,2015-12-21 00:00:00
114,2021-03-07 00:00:00
115,2018-02-02 00:00:00
116,2015-04-01 00:00:00
117,2014-05-28 00:00:00
118,2022-01-19 00:00:00
119,2017-09-29 00:00:00
120,2013-01-12 00:00:00
121,2014-06-13 00:00:00
122,2017-06-24 00:00:00
123,2021-08-25 00:00:00
124,2018-09-23 00:00:00
125,2017-10-05 00:00:00
126,2022-06-15 00:00:00
127,2018-12-31 00:00:00
128,2014-11-08 00:00:00
129,2019-02-25 00:00:00
130,2014-01-10 00:00:00
131,2017-06-02 00:00:00
132,2018-11-03 00:00:00
133,2013-01-19 00:00:00
134,2019-12-17 00:00:00
135,2017-04-04 00:00:00
136,2021-10-11 00:00:00
137,2022-04-23 00:00:00
138,2021-06-24 00:00:00
139,2019-04-19 00:00:00
140,2016-03-30 00:00:00
141,2018-12-02 00:00:00
142,2014-02-27 00:00:00
143,2021-04-05 00:00:00
144,2013-01-20 00:00:00
145,2015-12-25 00:00:00
146,2021-06-17 00:00:00
147,2020-02-25 00:00:00
148,2021-05-16 00:00:00
149,2021-01-22 00:00:00
150,2019-11-28 00:00:00
151,2013-03-04 00:00:00
152,2022-07-30 00:00:00
153,2013-08-24 00:00:00
154,2022-06-26 00:00:00
155,2015-01-03 00:00:00
156,2015-11-01 00:00:00
157,2016-01-13 00:00:00
158,2013-07-22 00:00:00
159,2021-11-13 00:00:00
160,2021-05-12 00:00:00
161,2014-08-30 00:00:00
162,2015-03-16 00:00:00
163,2017-09-11 00:00:00
164,2017-05-24 00:00:00
165,2022-05-29 00:00:00
166,2021-05-18 00:00:00
167,2014-06-30 00:00:00
168,2013-11-03 00:00:00
169,2017-07-04 00:00:00
170,2013-05-25 00:00:00
171,2022-09-09 00:00:00
172,2015-03-25 00:00:00
173,2013-10-25 00:00:00
174,2018-08-11 00:00:00
175,2018-12-30 00:00:00
176,2018-02-10 00:00:00
177,2017-05-16 00:00:00
178,2014-05-22 00:00:00
179,2018-11-15 00:00:00
180,2013-09-25 00:00:00
181,2022-01-08 00:00:00
182,2013-10-01 00:00:00
183,2013-04-09 00:00:00
184,2021-08-05 00:00:00
185,2018-10-12 00:00:00
186,2013-06-07 00:00:00
187,2015-04-11 00:00:00
188,2014-01-12 00:00:00
189,2021-01-07 00:00:00
190,2019-04-20 00:00:00
191,2014-04-05 00:00:00
192,2020-07-03 00:00:00
193,2013-12-23 00:00:00
194,2021-04-07 00:00:00
195,2019-05-04 00:00:00
196,2016-10-17 00:00:00
197,2019-04-30 00:00:00
198,2015-09-14 00:00:00
199,2015-11-10 00:00:00
200,2013-06-04 00:00:00
201,2017-01-26 00:00:00
202,2021-03-05 00:00:00
203,2021-12-21 00:00:00
204,2017-01-01 00:00:00
205,2022-06-10 00:00:00
206,2014-08-15 00:00:00
207,2015-11-06 00:00:00
208,2016-05-10 00:00:00
209,2016-01-31 00:00:00
210,2019-12-01 00:00:00
211,2022-11-10 00:00:00
212,2013-11-11 00:00:00
213,2019-07-03 00:00:00
214,2018-04-21 00:00:00
215,2021-10-18 00:00:00
216,2013-09-23 00:00:00
217,2017-04-24 00:00:00
218,2022-06-19 00:00:00
219,2019-04-14 00:00:00
220,2017-06-26 00:00:00
221,2022-04-11 00:00:00
222,2019-11-08 00:00:00
223,2018-03-21 00:00:00
224,2015-09-30 00:00:00
225,2018-06-29 00:00:00
226,2020-03-25 00:00:00
227,2013-12-17 00:00:00
228,2015-12-09 00:00:00
229,2015-10-24 00:00:00
230,2020-04-10 00:00:00
231,2020-03-28 00:00:00
232,2014-07-11 00:00:00
233,2018-08-18 00:00:00
234,2015-01-11 00:00:00
235,2019-02-15 00:00:00
236,2013-04-11 00:00:00
237,2018-03-13 00:00:00
238,2019-08-04 00:00:00
239,2015-06-13 00:00:00
240,2017-03-08 00:00:00
241,2016-11-20 00:00:00
242,2016-06-01 00:00:00
243,2020-04-06 00:00:00
244,2021-05-25 00:00:00
245,2022-12-01 00:00:00
246,2020-07-04 00:00:00
247,2019-08-01 00:00:00
248,2016-09-23 00:00:00
249,2017-02-03 00:00:00
250,2022-07-08 00:00:00
251,2013-10-24 00:00:00
252,2017-10-20 00:00:00
253,2015-04-16 00:00:00
254,2013-03-06 00:00:00
255,2015-12-18 00:00:00
256,2022-04-17 00:00:00
257,2014-07-21 00:00:00
258,2022-02-18 00:00:00
259,2014-08-04 00:00:00
260,2022-02-04 00:00:00
261,2022-08-12 00:00:00
262,2020-09-07 00:00:00
263,2017-04-15 00:00:00
264,2018-11-28 00:00:00
265,2021-07-12 00:00:00
266,2021-10-19 00:00:00
267,2014-03-07 00:00:00
268,2015-01-06 00:00:00
269,2015-12-16 00:00:00
270,2019-01-17 00:00:00
271,2022-08-23 00:00:00
272,2016-07-18 00:00:00
273,2016-11-09 00:00:00
274,2015-09-04 00:00:00
275,2015-07-04 00:00:00
276,2022-06-21 00:00:00
277,2015-10-18 00:00:00
278,2022-07-04 00:00:00
279,2014-06-02 00:00:00
280,2016-07-23 00:00:00
281,2020-02-29 00:00:00
282,2022-12-22 00:00:00
283,2021-11-03 00:00:00
284,2018-11-01 00:00:00
285,2013-06-08 00:00:00
286,2018-06-07 00:00:00
287,2018-07-06 00:00:00
288,2018-12-26 00:00:00
289,2019-04-27 00:00:00
290,2018-09-03 00:00:00
291,2017-01-28 00:00:00
292,2015-02-22 00:00:00
293,2021-08-13 00:00:00
294,2015-06-24 00:00:00
295,2022-09-10 00:00:00
296,2022-08-17 00:00:00
297,2015-09-06 00:00:00
298,2018-06-03 00:00:00
299,2019-04-09 00:00:00
300,2014-12-27 00:00:00
301,2015-09-05 00:00:00
302,2015-02-10 00:00:00
303,2019-01-09 00:00:00
304,2020-11-04 00:00:00
305,2020-05-25 00:00:00
306,2018-06-27 00:00:00
307,2015-09-12 00:00:00
308,2020-02-13 00:00:00
309,2020-05-13 00:00:00
310,2017-07-20 00:00:00
311,2022-04-25 00:00:00
312,2021-05-19 00:00:00
313,2021-03-24 00:00:00
314,2016-05-15 00:00:00
315,2017-07-31 00:00:00
316,2016-09-08 00:00:00
317,2014-08-13 00:00:00
318,2014-08-20 00:00:00
319,2021-02-20 00:00:00
320,2018-11-11 00:00:00
321,2013-07-13 00:00:00
322,2020-03-08 00:00:00
323,2013-02-15 00:00:00
324,2022-11-19 00:00:00
325,2013-04-18 00:00:00
326,2020-08-05 00:00:00
327,2021-10-10 00:00:00
328,2020-05-31 00:00:00
329,2021-01-05 00:00:00
330,2013-07-31 00:00:00
331,2018-04-16 00:00:00
332,2021-09-20 00:00:00
333,2022-10-07 00:00:00
334,2013-01-18 00:00:00
335,2019-01-14 00:00:00
336,2019-12-10 00:00:00
337,2014-11-01 00:00:00
338,2014-07-15 00:00:00
339,2018-04-25 00:00:00
340,2022-08-18 00:00:00
341,2021-04-14 00:00:00
342,2021-03-18 00:00:00
343,2013-04-14 00:00:00
344,2014-12-14 00:00:00
345,2022-09-24 00:00:00
346,2016-04-25 00:00:00
347,2018-03-25 00:00:00
348,2017-08-04 00:00:00
349,2019-03-31 00:00:00
350,2020-07-20 00:00:00
351,2015-03-09 00:00:00
352,2022-04-09 00:00:00
353,2015-06-23 00:00:00
354,2016-09-22 00:00:00
355,2019-05-16 00:00:00
356,2014-08-03 00:00:00
357,2015-12-24 00:00:00
358,2019-10-18 00:00:00
359,2015-12-31 00:00:00
360,2019-05-19 00:00:00
361,2015-09-28 00:00:00
362,2013-02-08 00:00:00
363,2020-06-03 00:00:00
364,2014-09-04 00:00:00
365,2020-01-13 00:00:00
366,2021-03-25 00:00:00
367,2019-06-27 00:00:00
368,2013-02-22 00:00:00
369,2020-01-30 00:00:00
370,2018-09-29 00:00:00
371,2013-10-17 00:00:00
372,2022-08-09 00:00:00
373,2014-10-26 00:00:00
374,2022-03-26 00:00:00
375,2015-04-14 00:00:00
376,2021-06-13 00:00:00
377,2018-07-18 00:00:00
378,2014-08-18 00:00:00
379,2019-03-19 00:00:00
380,2022-05-31 00:00:00
381,2021-05-26 00:00:00
382,2015-06-18 00:00:00
383,2016-09-06 00:00:00
384,2016-01-09 00:00:00
385,2017-10-29 00:00:00
386,2013-07-16 00:00:00
387,2021-10-31 00:00:00
388,2021-02-11 00:00:00
389,2016-03-19 00:00:00
390,2014-09-30 00:00:00
391,2017-08-06 00:00:00
392,2021-04-25 00:00:00
393,2018-05-17 00:00:00
394,2020-09-06 00:00:00
395,2021-07-21 00:00:00
396,2020-08-09 00:00:00
397,2016-09-02 00:00:00
398,2014-01-09 00:00:00
399,2014-10-09 00:00:00
400,2018-09-18 00:00:00
401,2019-03-05 00:00:00
402,2018-01-27 00:00:00
403,2014-07-24 00:00:00
404,2017-12-25 00:00:00
405,2022-04-18 00:00:00
406,2021-12-17 00:00:00
407,2015-02-13 00:00:00
408,2016-09-21 00:00:00
409,2021-07-11 00:00:00
410,2020-01-19 00:00:00
411,2022-12-26 00:00:00
412,2019-12-19 00:00:00
413,2013-06-01 00:00:00
414,2019-02-12 00:00:00
415,2021-06-11 00:00:00
416,2015-10-05 00:00:00
417,2014-06-25 00:00:00
418,2015-04-27 00:00:00
419,2022-08-08 00:00:00
420,2019-01-01 00:00:00
421,2020-08-20 00:00:00
422,2021-06-26 00:00:00
423,2017-08-29 00:00:00
424,2018-10-25 00:00:00
425,2018-02-19 00:00:00
426,2018-04-27 00:00:00
427,2013-05-14 00:00:00
428,2014-12-29 00:00:00
429,2020-02-08 00:00:00
430,2018-07-11 00:00:00
431,2015-04-19 00:00:00
432,2017-11-03 00:00:00
433,2017-02-02 00:00:00
434,2019-03-14 00:00:00
435,2014-08-21 00:00:00
436,2017-10-18 00:00:00
437,2013-08-10 00:00:00
438,2016-08-31 00:00:00
439,2020-05-07 00:00:00
440,2013-09-02 00:00:00
441,2013-07-26 00:00:00
442,2013-05-31 00:00:00
443,2017-05-20 00:00:00
444,2017-01-02 00:00:00
445,2018-01-23 00:00:00
446,2022-12-12 00:00:00
447,2017-04-08 00:00:00
448,2022-12-06 00:00:00
449,2019-12-30 00:00:00
450,2020-02-04 00:00:00
451,2019-02-16 00:00:00
452,2020-03-21 00:00:00
453,2015-12-26 00:00:00
454,2016-03-10 00:00:00
455,2015-07-08 00:00:00
456,2021-08-23 00:00:00
457,2022-07-09 00:00:00
458,2014-08-02 00:00:00
459,2018-12-11 00:00:00
460,2018-02-14 00:00:00
461,2015-09-23 00:00:00
462,2015-02-28 00:00:00
463,2020-05-19 00:00:00
464,2021-09-07 00:00:00
465,2020-03-19 00:00:00
466,2018-10-28 00:00:00
467,2020-02-27 00:00:00
468,2015-08-10 00:00:00
469,2017-08-25 00:00:00
470,2021-06-25 00:00:00
471,2019-05-05 00:00:00
472,2014-01-17 00:00:00
473,2019-12-08 00:00:00
474,2014-08-05 00:00:00
475,2019-07-16 00:00:00
476,2015-08-25 00:00:00
477,2021-07-05 00:00:00
478,2017-08-18 00:00:00
479,2017-02-24 00:00:00
480,2022-02-09 00:00:00
481,2013-12-06 00:00:00
482,2021-04-27 00:00:00
483,2020-11-07 00:00:00
484,2021-02-08 00:00:00
485,2018-12-14 00:00:00
486,2020-10-28 00:00:00
487,2021-08-15 00:00:00
488,2018-04-03 00:00:00
489,2016-08-23 00:00:00
490,2017-09-08 00:00:00
491,2018-09-05 00:00:00
492,2021-11-18 00:00:00
493,2021-05-05 00:00:00
494,2014-06-26 00:00:00
495,2019-04-24 00:00:00
496,2017-03-10 00:00:00
497,2018-05-25 00:00:00
498,2014-07-19 00:00:00
499,2019-04-04 00:00:00
500,2016-06-29 00:00:00
501,2015-03-21 00:00:00
502,2016-11-08 00:00:00
503,2021-07-17 00:00:00
504,2021-04-28 00:00:00
505,2013-09-16 00:00:00
506,2021-04-21 00:00:00
507,2021-01-19 00:00:00
508,2021-05-10 00:00:00
509,2022-07-18 00:00:00
510,2021-10-02 00:00:00
511,2022-10-30 00:00:00
512,2019-08-07 00:00:00
513,2013-11-30 00:00:00
514,2016-03-06 00:00:00
515,2018-01-24 00:00:00
516,2020-07-08 00:00:00
517,2015-09-17 00:00:00
518,2020-03-11 00:00:00
519,2017-07-27 00:00:00
520,2019-03-21 00:00:00
521,2021-12-12 00:00:00
522,2013-03-27 00:00:00
523,2021-07-02 00:00:00
524,2017-05-01 00:00:00
525,2014-02-10 00:00:00
526,2017-12-18 00:00:00
527,2017-08-14 00:00:00
528,2022-08-05 00:00:00
529,2017-08-23 00:00:00
530,2019-10-21 00:00:00
531,2022-04-02 00:00:00
532,2019-05-27 00:00:00
533,2014-10-11 00:00:00
534,2020-04-15 00:00:00
535,2016-02-13 00:00:00
536,2021-08-14 00:00:00
537,2013-05-20 00:00:00
538,2013-08-25 00:00:00
539,2021-07-14 00:00:00
540,2016-05-18 00:00:00
541,2014-07-25 00:00:00
542,2014-06-05 00:00:00
543,2014-02-15 00:00:00
544,2013-02-21 00:00:00
545,2019-11-03 00:00:00
546,2021-02-10 00:00:00
547,2022-07-06 00:00:00
548,2014-03-16 00:00:00
549,2020-09-11 00:00:00
550,2022-11-24 00:00:00
551,2014-04-27 00:00:00
552,2022-05-05 00:00:00
553,2020-11-02 00:00:00
554,2018-11-22 00:00:00
555,2022-04-22 00:00:00
556,2019-02-03 00:00:00
557,2018-05-31 00:00:00
558,2018-03-12 00:00:00
559,2019-03-18 00:00:00
560,2013-05-06 00:00:00
561,2019-11-17 00:00:00
562,2020-02-17 00:00:00
563,2016-09-10 00:00:00
564,2021-05-04 00:00:00
565,2015-01-15 00:00:00
566,2020-01-21 00:00:00
567,2021-03-10 00:00:00
568,2021-06-21 00:00:00
569,2015-08-20 00:00:00
570,2017-11-26 00:00:00
571,2020-08-14 00:00:00
572,2015-03-11 00:00:00
573,2015-05-31 00:00:00
574,2020-11-23 00:00:00
575,2019-01-25 00:00:00
576,2016-04-18 00:00:00
577,2015-05-06 00:00:00
578,2021-12-25 00:00:00
579,2017-05-02 00:00:00
580,2018-04-08 00:00:00
581,2018-06-02 00:00:00
582,2013-10-30 00:00:00
583,2022-04-04 00:00:00
584,2015-07-07 00:00:00
585,2021-11-05 00:00:00
586,2017-09-04 00:00:00
587,2014-01-18 00:00:00
588,2016-09-25 00:00:00
589,2014-01-28 00:00:00
590,2015-06-11 00:00:00
591,2015-11-04 00:00:00
592,2019-04-15 00:00:00
593,2016-01-15 00:00:00
594,2018-12-05 00:00:00
595,2016-10-20 00:00:00
596,2021-10-21 00:00:00
597,2020-04-24 00:00:00
598,2015-10-22 00:00:00
599,2015-01-27 00:00:00
600,2013-07-08 00:00:00
601,2018-03-22 00:00:00
602,2013-12-31 00:00:00
603,2017-07-02 00:00:00
604,2014-03-20 00:00:00
605,2014-05-09 00:00:00
606,2017-10-21 00:00:00
607,2018-10-01 00:00:00
608,2019-06-26 00:00:00
609,2016-04-13 00:00:00
610,2017-07-16 00:00:00
611,2013-08-03 00:00:00
612,2022-12-29 00:00:00
613,2019-02-02 00:00:00
614,2014-07-31 00:00:00
615,2020-05-17 00:00:00
616,2018-10-06 00:00:00
617,2020-04-14 00:00:00
618,2013-12-05 00:00:00
619,2017-01-15 00:00:00
620,2019-01-30 00:00:00
621,2018-01-26 00:00:00
622,2021-01-26 00:00:00
623,2022-11-04 00:00:00
624,2014-04-03 00:00:00
625,2013-05-12 00:00:00
626,2017-06-22 00:00:00
627,2015-02-07 00:00:00
628,2013-06-18 00:00:00
629,2015-08-12 00:00:00
630,2021-01-11 00:00:00
631,2013-07-11 00:00:00
632,2018-01-12 00:00:00
633,2021-08-19 00:00:00
634,2021-06-22 00:00:00
635,2014-10-01 00:00:00
636,2015-11-13 00:00:00
637,2022-08-16 00:00:00
638,2021-03-30 00:00:00
639,2013-06-05 00:00:00
640,2021-04-26 00:00:00
641,2022-05-11 00:00:00
642,2016-02-06 00:00:00
643,2013-10-08 00:00:00
644,2019-03-26 00:00:00
645,2015-03-20 00:00:00
646,2016-02-16 00:00:00
647,2013-11-23 00:00:00
648,2013-07-18 00:00:00
649,2021-06-04 00:00:00
650,2014-04-23 00:00:00
651,2015-02-11 00:00:00
652,2017-03-23 00:00:00
653,2019-02-18 00:00:00
654,2021-12-19 00:00:00
655,2015-07-19 00:00:00
656,2018-02-25 00:00:00
657,2018-10-18 00:00:00
658,2017-12-27 00:00:00
659,2019-05-07 00:00:00
660,2018-11-21 00:00:00
661,2016-07-21 00:00:00
662,2021-06-20 00:00:00
663,2014-07-23 00:00:00
664,2015-07-10 00:00:00
665,2019-06-18 00:00:00
666,2017-05-28 00:00:00
667,2015-08-11 00:00:00
668,2018-09-11 00:00:00
669,2019-06-12 00:00:00
670,2013-03-17 00:00:00
671,2013-03-14 00:00:00
672,2014-05-12 00:00:00
673,2013-06-22 00:00:00
674,2021-08-11 00:00:00
675,2020-03-10 00:00:00
676,2021-06-05 00:00:00
677,2016-12-15 00:00:00
678,2017-04-09 00:00:00
679,2021-10-05 00:00:00
680,2013-03-19 00:00:00
681,2015-07-26 00:00:00
682,2015-03-24 00:00:00
683,2013-01-10 00:00:00
684,2016-06-27 00:00:00
685,2013-12-13 00:00:00
686,2022-12-24 00:00:00
687,2015-06-17 00:00:00
688,2018-04-04 00:00:00
689,2016-10-15 00:00:00
690,2014-04-02 00:00:00
691,2022-03-20 00:00:00
692,2019-01-28 00:00:00
693,2015-03-23 00:00:00
694,2014-07-03 00:00:00
695,2018-03-16 00:00:00
696,2017-08-09 00:00:00
697,2014-05-06 00:00:00
698,2021-09-29 00:00:00
699,2021-12-20 00:00:00
700,2021-08-18 00:00:00
701,2013-04-17 00:00:00
702,2020-12-10 00:00:00
703,2017-01-16 00:00:00
704,2017-12-01 00:00:00
705,2022-11-03 00:00:00
706,2017-01-22 00:00:00
707,2019-05-11 00:00:00
708,2013-08-26 00:00:00
709,2019-04-26 00:00:00
710,2021-04-24 00:00:00
711,2016-04-29 00:00:00
712,2022-02-14 00:00:00
713,2017-01-27 00:00:00
714,2021-08-03 00:00:00
715,2017-10-08 00:00:00
716,2018-04-19 00:00:00
717,2013-04-13 00:00:00
718,2016-12-13 00:00:00
719,2015-05-26 00:00:00
720,2021-10-23 00:00:00
721,2019-03-16 00:00:00
722,2016-01-01 00:00:00
723,2019-08-12 00:00:00
724,2015-04-02 00:00:00
725,2020-02-05 00:00:00
726,2019-02-22 00:00:00
727,2016-04-15 00:00:00
728,2014-10-22 00:00:00
729,2022-11-06 00:00:00
730,2021-08-22 00:00:00
731,2019-07-28 00:00:00
732,2017-03-16 00:00:00
733,2015-06-22 00:00:00
734,2015-02-20 00:00:00
735,2020-10-23 00:00:00
736,2013-02-19 00:00:00
737,2021-07-07 00:00:00
738,2015-02-12 00:00:00
739,2017-04-27 00:00:00
740,2017-01-23 00:00:00
741,2018-09-24 00:00:00
742,2013-08-12 00:00:00
743,2018-03-01 00:00:00
744,2017-09-23 00:00:00
745,2013-11-26 00:00:00
746,2022-05-17 00:00:00
747,2014-02-20 00:00:00
748,2016-03-04 00:00:00
749,2016-11-06 00:00:00
750,2016-07-27 00:00:00
751,2014-03-22 00:00:00
752,2022-09-26 00:00:00
753,2016-08-03 00:00:00
754,2016-10-25 00:00:00
755,2022-06-18 00:00:00
756,2019-04-01 00:00:00
757,2013-12-29 00:00:00
758,2020-06-16 00:00:00
759,2016-01-12 00:00:00
760,2022-12-08 00:00:00
761,2020-12-06 00:00:00
762,2018-07-25 00:00:00
763,2013-11-05 00:00:00
764,2017-10-17 00:00:00
765,2021-03-14 00:00:00
766,2020-02-24 00:00:00
767,2019-05-17 00:00:00
768,2018-06-06 00:00:00
769,2014-11-05 00:00:00
770,2016-02-05 00:00:00
771,2022-03-31 00:00:00
772,2018-06-08 00:00:00
773,2018-08-21 00:00:00
774,2017-02-19 00:00:00
775,2020-10-18 00:00:00
776,2017-01-25 00:00:00
777,2020-12-16 00:00:00
778,2020-12-29 00:00:00
779,2020-03-26 00:00:00
780,2022-08-26 00:00:00
781,2022-03-25 00:00:00
782,2016-11-07 00:00:00
783,2016-03-25 00:00:00
784,2020-11-19 00:00:00
785,2016-01-25 00:00:00
786,2015-11-16 00:00:00
787,2022-08-24 00:00:00
788,2018-10-17 00:00:00
789,2014-09-19 00:00:00
790,2022-08-30 00:00:00
791,2015-08-17 00:00:00
792,2013-01-25 00:00:00
793,2014-11-18 00:00:00
794,2017-05-27 00:00:00
795,2016-08-25 00:00:00
796,2019-07-19 00:00:00
797,2020-11-06 00:00:00
798,2022-03-17 00:00:00
799,2013-07-03 00:00:00
800,2020-12-09 00:00:00
801,2018-02-05 00:00:00
802,2021-03-08 00:00:00
803,2022-12-10 00:00:00
804,2022-01-15 00:00:00
805,2022-08-11 00:00:00
806,2019-04-18 00:00:00
807,2020-02-10 00:00:00
808,2019-01-11 00:00:00
809,2015-07-24 00:00:00
810,2018-12-01 00:00:00
811,2018-01-20 00:00:00
812,2019-08-02 00:00:00
813,2013-05-28 00:00:00
814,2021-11-29 00:00:00
815,2021-03-01 00:00:00
816,2014-11-15 00:00:00
817,2020-02-20 00:00:00
818,2017-05-06 00:00:00
819,2014-10-10 00:00:00
820,2019-07-30 00:00:00
821,2019-06-21 00:00:00
822,2015-02-06 00:00:00
823,2021-07-09 00:00:00
824,2021-10-24 00:00:00
825,2018-05-14 00:00:00
826,2019-03-20 00:00:00
827,2020-05-06 00:00:00
828,2019-08-05 00:00:00
829,2015-12-17 00:00:00
830,2014-02-08 00:00:00
831,2017-01-31 00:00:00
832,2013-06-23 00:00:00
833,2014-05-08 00:00:00
834,2016-10-03 00:00:00
835,2018-07-29 00:00:00
836,2016-09-12 00:00:00
837,2014-10-08 00:00:00
838,2020-07-21 00:00:00
839,2017-10-03 00:00:00
840,2019-11-30 00:00:00
841,2014-11-09 00:00:00
842,2013-02-23 00:00:00
843,2022-12-21 00:00:00
844,2013-05-07 00:00:00
845,2014-07-04 00:00:00
846,2014-11-30 00:00:00
847,2020-07-16 00:00:00
848,2016-02-23 00:00:00
849,2021-01-09 00:00:00
850,2022-04-06 00:00:00
851,2014-07-29 00:00:00
852,2020-03-15 00:00:00
853,2014-07-18 00:00:00
854,2016-10-28 00:00:00
855,2022-01-03 00:00:00
856,2017-02-08 00:00:00
857,2018-09-19 00:00:00
858,2018-05-03 00:00:00
859,2017-08-28 00:00:00
860,2022-07-28 00:00:00
861,2016-09-30 00:00:00
862,2013-05-13 00:00:00
863,2013-08-02 00:00:00
864,2017-03-09 00:00:00
865,2017-04-03 00:00:00
866,2022-09-21 00:00:00
867,2013-12-11 00:00:00
868,2015-07-14 00:00:00
869,2017-01-29 00:00:00
870,2013-12-27 00:00:00
871,2019-09-13 00:00:00
872,2016-08-13 00:00:00
873,2014-03-10 00:00:00
874,2015-08-23 00:00:00
875,2014-11-28 00:00:00
876,2020-12-22 00:00:00
877,2016-01-11 00:00:00
878,2017-11-21 00:00:00
879,2016-01-03 00:00:00
880,2017-07-18 00:00:00
881,2021-12-26 00:00:00
882,2016-05-31 00:00:00
883,2015-08-19 00:00:00
884,2015-03-18 00:00:00
885,2014-11-10 00:00:00
886,2016-04-16 00:00:00
887,2014-02-26 00:00:00
888,2015-07-06 00:00:00
889,2020-09-09 00:00:00
890,2019-03-15 00:00:00
891,2016-02-17 00:00:00
892,2021-07-15 00:00:00
893,2020-05-23 00:00:00
894,2015-02-21 00:00:00
895,2022-12-09 00:00:00
896,2019-11-09 00:00:00
897,2019-02-21 00:00:00
898,2021-03-03 00:00:00
899,2013-11-25 00:00:00
900,2017-09-16 00:00:00
901,2020-08-13 00:00:00
902,2013-02-12 00:00:00
903,2022-01-21 00:00:00
904,2013-09-27 00:00:00
905,2016-07-22 00:00:00
906,2020-10-19 00:00:00
907,2016-04-03 00:00:00
908,2015-08-14 00:00:00
909,2019-06-11 00:00:00
910,2018-04-05 00:00:00
911,2017-11-08 00:00:00
912,2015-08-03 00:00:00
913,2013-10-28 00:00:00
914,2015-11-09 00:00:00
915,2022-11-13 00:00:00
916,2014-06-10 00:00:00
917,2019-09-07 00:00:00
918,2014-06-09 00:00:00
919,2017-11-11 00:00:00
920,2015-05-03 00:00:00
921,2017-04-23 00:00:00
922,2015-07-23 00:00:00
923,2013-02-03 00:00:00
924,2018-10-04 00:00:00
925,2021-05-03 00:00:00
926,2016-12-21 00:00:00
927,2020-11-28 00:00:00
928,2014-06-28 00:00:00
929,2017-03-12 00:00:00
930,2019-03-28 00:00:00
931,2017-01-06 00:00:00
932,2019-03-07 00:00:00
933,2016-06-21 00:00:00
934,2016-05-16 00:00:00
935,2013-02-06 00:00:00
936,2019-08-29 00:00:00
937,2015-07-02 00:00:00
938,2015-01-28 00:00:00
939,2018-06-14 00:00:00
940,2019-08-17 00:00:00
941,2013-06-17 00:00:00
942,2014-04-19 00:00:00
943,2020-03-13 00:00:00
944,2021-05-09 00:00:00
945,2017-06-03 00:00:00
946,2020-12-04 00:00:00
947,2013-03-21 00:00:00
948,2013-02-28 00:00:00
949,2019-11-20 00:00:00
950,2014-09-25 00:00:00
951,2022-01-20 00:00:00
952,2022-02-26 00:00:00
953,2019-07-18 00:00:00
954,2021-01-12 00:00:00
955,2013-06-29 00:00:00
956,2020-09-14 00:00:00
957,2014-03-02 00:00:00
958,2018-10-23 00:00:00
959,2015-01-08 00:00:00
960,2022-06-09 00:00:00
961,2020-07-17 00:00:00
962,2018-11-16 00:00:00
963,2015-12-03 00:00:00
964,2015-01-10 00:00:00
965,2014-02-11 00:00:00
966,2015-09-02 00:00:00
967,2015-05-17 00:00:00
968,2013-03-30 00:00:00
969,2017-07-10 00:00:00
970,2015-02-02 00:00:00
971,2022-04-20 00:00:00
972,2016-12-02 00:00:00
973,2021-05-28 00:00:00
974,2013-04-26 00:00:00
975,2014-02-04 00:00:00
976,2013-09-22 00:00:00
977,2018-12-20 00:00:00
978,2021-02-22 00:00:00
979,2019-08-16 00:00:00
980,2013-11-22 00:00:00
981,2019-08-28 00:00:00
982,2020-10-04 00:00:00
983,2021-09-21 00:00:00
984,2014-01-19 00:00:00
985,2014-09-22 00:00:00
986,2016-12-19 00:00:00
987,2013-02-20 00:00:00
988,2017-05-11 00:00:00
989,2015-02-03 00:00:00
990,2017-06-12 00:00:00
991,2016-03-20 00:00:00
992,2020-10-25 00:00:00
993,2019-10-30 00:00:00
994,2014-10-27 00:00:00
995,2020-06-19 00:00:00
996,2020-11-08 00:00:00
997,2021-11-19 00:00:00
998,2021-07-25 00:00:00
999,2015-02-27 00:00:00
1000,2020-09-27 00:00:00
1001,2018-02-16 00:00:00
1002,2021-02-06 00:00:00
1003,2019-06-04 00:00:00
1004,2022-04-29 00:00:00
1005,2014-10-29 00:00:00
1006,2016-06-11 00:00:00
1007,2017-11-07 00:00:00
1008,2013-09-15 00:00:00
1009,2021-08-20 00:00:00
1010,2015-04-12 00:00:00
1011,2014-11-26 00:00:00
1012,2013-01-22 00:00:00
1013,2013-08-21 00:00:00
1014,2016-08-21 00:00:00
1015,2016-03-31 00:00:00
1016,2022-05-20 00:00:00
1017,2020-10-29 00:00:00
1018,2016-11-23 00:00:00
1019,2015-11-28 00:00:00
1020,2018-02-12 00:00:00
1021,2022-01-06 00:00:00
1022,2019-08-09 00:00:00
1023,2020-01-31 00:00:00
1024,2015-02-05 00:00:00
1025,2019-11-14 00:00:00
1026,2022-03-21 00:00:00
1027,2015-10-06 00:00:00
1028,2016-06-24 00:00:00
1029,2014-02-18 00:00:00
1030,2013-09-14 00:00:00
1031,2013-08-27 00:00:00
1032,2014-04-20 00:00:00
1033,2014-01-20 00:00:00
1034,2015-09-07 00:00:00
1035,2022-07-23 00:00:00
1036,2013-11-15 00:00:00
1037,2020-02-02 00:00:00
1038,2022-04-14 00:00:00
1039,2020-08-03 00:00:00
1040,2022-04-03 00:00:00
1041,2016-04-10 00:00:00
1042,2019-11-01 00:00:00
1043,2020-10-20 00:00:00
1044,2016-07-02 00:00:00
1045,2017-01-11 00:00:00
1046,2021-05-20 00:00:00
1047,2014-02-02 00:00:00
1048,2019-09-27 00:00:00
1049,2019-04-03 00:00:00
1050,2017-06-30 00:00:00
1051,2018-05-20 00:00:00
1052,2018-12-24 00:00:00
1053,2018-09-16 00:00:00
1054,2014-02-14 00:00:00
1055,2022-10-01 00:00:00
1056,2014-03-14 00:00:00
1057,2017-10-14 00:00:00
1058,2018-05-04 00:00:00
1059,2019-09-22 00:00:00
1060,2020-01-24 00:00:00
1061,2019-02-07 00:00:00
1062,2018-09-25 00:00:00
1063,2018-03-05 00:00:00
1064,2014-05-24 00:00:00
1065,2017-07-29 00:00:00
1066,2021-08-30 00:00:00
1067,2014-08-16 00:00:00
1068,2021-04-29 00:00:00
1069,2016-10-23 00:00:00
1070,2016-05-26 00:00:00
1071,2018-06-26 00:00:00
1072,2022-02-01 00:00:00
1073,2021-09-05 00:00:00
1074,2020-01-11 00:00:00
1075,2013-01-06 00:00:00
1076,2013-10-14 00:00:00
1077,2020-01-23 00:00:00
1078,2017-08-26 00:00:00
1079,2013-09-08 00:00:00
1080,2015-04-17 00:00:00
1081,2017-11-20 00:00:00
1082,2021-12-18 00:00:00
1083,2021-08-17 00:00:00
1084,2017-07-05 00:00:00
1085,2015-01-23 00:00:00
1086,2022-04-07 00:00:00
1087,2015-05-05 00:00:00
1088,2014-10-25 00:00:00
1089,2013-03-09 00:00:00
1090,2017-12-04 00:00:00
1091,2014-04-26 00:00:00
1092,2018-10-19 00:00:00
1093,2013-01-24 00:00:00
1094,2016-11-03 00:00:00
1095,2017-11-24 00:00:00
1096,2014-12-08 00:00:00
1097,2019-01-07 00:00:00
1098,2015-01-19 00:00:00
1099,2022-08-29 00:00:00
1100,2018-08-28 00:00:00
1101,2014-06-18 00:00:00
1102,2015-01-02 00:00:00
1103,2020-03-30 00:00:00
1104,2016-04-02 00:00:00
1105,2020-01-25 00:00:00
1106,2018-04-23 00:00:00
1107,2013-10-10 00:00:00
1108,2019-05-28 00:00:00
1109,2019-12-24 00:00:00
1110,2016-10-26 00:00:00
1111,2018-01-22 00:00:00
1112,2015-05-09 00:00:00
1113,2018-09-17 00:00:00
1114,2014-03-06 00:00:00
1115,2017-06-10 00:00:00
1116,2016-01-23 00:00:00
1117,2019-09-26 00:00:00
1118,2016-06-03 00:00:00
1119,2022-09-04 00:00:00
1120,2019-03-01 00:00:00
1121,2016-09-17 00:00:00
1122,2018-01-01 00:00:00
1123,2014-06-11 00:00:00
1124,2022-07-15 00:00:00
1125,2020-04-19 00:00:00
1126,2015-06-02 00:00:00
1127,2017-02-09 00:00:00
1128,2022-06-08 00:00:00
1129,2014-04-06 00:00:00
1130,2019-07-07 00:00:00
1131,2013-12-22 00:00:00
1132,2022-08-25 00:00:00
1133,2016-05-05 00:00:00
1134,2017-11-23 00:00:00
1135,2022-05-22 00:00:00
1136,2013-08-06 00:00:00
1137,2015-06-15 00:00:00
1138,2014-03-24 00:00:00
1139,2013-11-10 00:00:00
1140,2020-07-14 00:00:00
1141,2017-09-01 00:00:00
1142,2021-06-23 00:00:00
1143,2015-07-03 00:00:00
1144,2020-01-08 00:00:00
1145,2019-01-18 00:00:00
1146,2022-03-09 00:00:00
1147,2022-11-02 00:00:00
1148,2014-01-24 00:00:00
1149,2013-08-17 00:00:00
1150,2016-07-30 00:00:00
1151,2013-04-07 00:00:00
1152,2020-09-29 00:00:00
1153,2021-02-03 00:00:00
1154,2015-10-31 00:00:00
1155,2022-06-01 00:00:00
1156,2019-03-11 00:00:00
1157,2018-02-22 00:00:00
1158,2019-09-05 00:00:00
1159,2022-11-18 00:00:00
1160,2016-09-19 00:00:00
1161,2020-10-14 00:00:00
1162,2014-07-01 00:00:00
1163,2020-11-13 00:00:00
1164,2017-12-29 00:00:00
1165,2015-08-04 00:00:00
1166,2016-08-28 00:00:00
1167,2016-06-17 00:00:00
1168,2013-12-02 00:00:00
1169,2014-09-06 00:00:00
1170,2013-07-29 00:00:00
1171,2019-08-15 00:00:00
1172,2017-07-11 00:00:00
1173,2017-11-27 00:00:00
1174,2021-06-15 00:00:00
1175,2017-11-13 00:00:00
1176,2015-12-13 00:00:00
1177,2016-08-09 00:00:00
1178,2021-10-03 00:00:00
1179,2021-01-21 00:00:00
1180,2014-08-11 00:00:00
1181,2013-04-06 00:00:00
1182,2022-05-27 00:00:00
1183,2017-09-24 00:00:00
1184,2018-12-06 00:00:00
1185,2019-02-19 00:00:00
1186,2013-06-27 00:00:00
1187,2018-02-13 00:00:00
1188,2013-12-01 00:00:00
1189,2014-05-04 00:00:00
1190,2021-05-27 00:00:00
1191,2013-08-04 00:00:00
1192,2015-07-05 00:00:00
1193,2021-05-23 00:00:00
1194,2014-05-01 00:00:00
1195,2013-04-22 00:00:00
1196,2022-11-26 00:00:00
1197,2021-05-17 00:00:00
1198,2014-06-06 00:00:00
1199,2020-07-10 00:00:00
1200,2015-10-02 00:00:00
1201,2014-12-15 00:00:00
1202,2020-05-18 00:00:00
1203,2020-11-11 00:00:00
1204,2018-01-06 00:00:00
1205,2016-12-14 00:00:00
1206,2016-09-24 00:00:00
1207,2017-09-30 00:00:00
1208,2021-09-27 00:00:00
1209,2014-09-23 00:00:00
1210,2019-12-28 00:00:00
1211,2021-09-08 00:00:00
1212,2019-06-20 00:00:00
1213,2017-10-15 00:00:00
1214,2020-10-22 00:00:00
1215,2014-11-13 00:00:00
1216,2013-08-19 00:00:00
1217,2021-04-09 00:00:00
1218,2014-04-08 00:00:00
1219,2019-02-11 00:00:00
1220,2013-03-08 00:00:00
1221,2017-10-06 00:00:00
1222,2020-06-21 00:00:00
1223,2016-02-20 00:00:00
1224,2018-05-23 00:00:00
1225,2019-05-09 00:00:00
1226,2015-12-11 00:00:00
1227,2014-07-08 00:00:00
1228,2014-05-03 00:00:00
1229,2016-04-09 00:00:00
1230,2013-09-07 00:00:00
1231,2018-03-23 00:00:00
1232,2020-12-25 00:00:00
1233,2021-07-08 00:00:00
1234,2014-01-21 00:00:00
1235,2021-12-13 00:00:00
1236,2014-09-02 00:00:00
1237,2020-11-15 00:00:00
1238,2016-02-27 00:00:00
1239,2015-10-13 00:00:00
1240,2016-04-23 00:00:00
1241,2018-07-15 00:00:00
1242,2018-11-09 00:00:00
1243,2015-11-25 00:00:00
1244,2020-10-12 00:00:00
1245,2019-11-13 00:00:00
1246,2022-08-20 00:00:00
1247,2019-04-11 00:00:00
1248,2021-10-12 00:00:00
1249,2019-08-24 00:00:00
1250,2020-04-21 00:00:00
1251,2013-10-26 00:00:00
1252,2021-02-16 00:00:00
1253,2019-12-21 00:00:00
1254,2015-06-06 00:00:00
1255,2019-05-15 00:00:00
1256,2020-12-30 00:00:00
1257,2015-03-14 00:00:00
1258,2019-09-18 00:00:00
1259,2013-03-16 00:00:00
1260,2019-09-03 00:00:00
1261,2014-05-27 00:00:00
1262,2015-08-22 00:00:00
1263,2021-06-28 00:00:00
1264,2021-07-16 00:00:00
1265,2022-05-08 00:00:00
1266,2014-03-21 00:00:00
1267,2020-05-26 00:00:00
1268,2018-06-18 00:00:00
1269,2014-08-12 00:00:00
1270,2014-06-14 00:00:00
1271,2016-01-17 00:00:00
1272,2022-05-07 00:00:00
1273,2014-04-24 00:00:00
1274,2019-12-27 00:00:00
1275,2022-08-21 00:00:00
1276,2018-04-18 00:00:00
1277,2019-01-03 00:00:00
1278,2017-02-11 00:00:00
1279,2020-08-28 00:00:00
1280,2014-12-16 00:00:00
1281,2016-09-05 00:00:00
1282,2021-01-17 00:00:00
1283,2017-03-20 00:00:00
1284,2021-05-22 00:00:00
1285,2022-04-10 00:00:00
1286,2019-04-21 00:00:00
1287,2022-09-03 00:00:00
1288,2019-04-23 00:00:00
1289,2020-09-24 00:00:00
1290,2021-02-13 00:00:00
1291,2021-12-10 00:00:00
1292,2019-01-12 00:00:00
1293,2013-03-31 00:00:00
1294,2015-06-30 00:00:00
1295,2021-12-07 00:00:00
1296,2014-09-13 00:00:00
1297,2016-02-02 00:00:00
1298,2017-12-03 00:00:00
1299,2021-03-15 00:00:00
1300,2013-03-23 00:00:00
1301,2018-06-05 00:00:00
1302,2015-10-25 00:00:00
1303,2017-07-26 00:00:00
1304,2014-08-08 00:00:00
1305,2022-12-14 00:00:00
1306,2016-05-17 00:00:00
1307,2016-05-12 00:00:00
1308,2016-11-11 00:00:00
1309,2019-03-17 00:00:00
1310,2022-01-31 00:00:00
1311,2020-05-24 00:00:00
1312,2021-04-10 00:00:00
1313,2020-03-24 00:00:00
1314,2020-10-16 00:00:00
1315,2017-09-12 00:00:00
1316,2016-07-10 00:00:00
1317,2022-09-29 00:00:00
1318,2014-09-03 00:00:00
1319,2020-04-03 00:00:00
1320,2014-02-22 00:00:00
1321,2020-08-27 00:00:00
1322,2014-01-23 00:00:00
1323,2021-10-14 00:00:00
1324,2021-11-26 00:00:00
1325,2020-11-24 00:00:00
1326,2019-02-17 00:00:00
1327,2015-04-28 00:00:00
1328,2021-05-24 00:00:00
1329,2016-03-29 00:00:00
1330,2019-08-31 00:00:00
1331,2017-01-19 00:00:00
1332,2018-10-27 00:00:00
1333,2016-03-11 00:00:00
1334,2022-09-19 00:00:00
1335,2018-09-04 00:00:00
1336,2015-07-29 00:00:00
1337,2019-05-20 00:00:00
1338,2021-06-09 00:00:00
1339,2020-02-21 00:00:00
1340,2022-09-17 00:00:00
1341,2020-02-15 00:00:00
1342,2014-10-23 00:00:00
1343,2020-02-22 00:00:00
1344,2022-06-17 00:00:00
1345,2022-01-27 00:00:00
1346,2016-11-02 00:00:00
1347,2017-06-14 00:00:00
1348,2020-12-20 00:00:00
1349,2017-01-09 00:00:00
1350,2020-01-15 00:00:00
1351,2021-12-06 00:00:00
1352,2022-10-10 00:00:00
1353,2016-04-01 00:00:00
1354,2020-05-08 00:00:00
1355,2016-11-10 00:00:00
1356,2019-11-25 00:00:00
1357,2022-09-20 00:00:00
1358,2017-11-01 00:00:00
1359,2015-04-29 00:00:00
1360,2021-09-28 00:00:00
1361,2018-12-19 00:00:00
1362,2015-10-09 00:00:00
1363,2022-04-26 00:00:00
1364,2013-01-13 00:00:00
1365,2021-12-05 00:00:00
1366,2018-03-11 00:00:00
1367,2021-02-04 00:00:00
1368,2013-09-12 00:00:00
1369,2020-10-21 00:00:00
1370,2022-03-12 00:00:00
1371,2016-02-25 00:00:00
1372,2016-12-05 00:00:00
1373,2022-10-29 00:00:00
1374,2022-10-08 00:00:00
1375,2022-03-15 00:00:00
1376,2019-05-30 00:00:00
1377,2017-06-28 00:00:00
1378,2021-08-27 00:00:00
1379,2016-01-22 00:00:00
1380,2022-08-01 00:00:00
1381,2016-06-05 00:00:00
1382,2018-08-17 00:00:00
1383,2014-12-26 00:00:00
1384,2013-12-20 00:00:00
1385,2016-06-25 00:00:00
1386,2015-06-26 00:00:00
1387,2018-12-27 00:00:00
1388,2018-02-07 00:00:00
1389,2014-05-17 00:00:00
1390,2020-09-15 00:00:00
1391,2020-11-12 00:00:00
1392,2013-02-09 00:00:00
1393,2020-05-22 00:00:00
1394,2020-05-11 00:00:00
1395,2017-01-24 00:00:00
1396,2019-02-08 00:00:00
1397,2014-11-04 00:00:00
1398,2021-08-01 00:00:00
1399,2017-03-14 00:00:00
1400,2016-09-20 00:00:00
1401,2016-12-29 00:00:00
1402,2022-01-12 00:00:00
1403,2016-07-29 00:00:00
1404,2014-06-01 00:00:00
1405,2022-05-01 00:00:00
1406,2014-03-27 00:00:00
1407,2014-03-17 00:00:00
1408,2015-02-01 00:00:00
1409,2015-02-19 00:00:00
1410,2013-09-01 00:00:00
1411,2016-05-04 00:00:00
1412,2013-03-25 00:00:00
1413,2021-10-20 00:00:00
1414,2014-11-22 00:00:00
1415,2020-12-14 00:00:00
1416,2022-12-25 00:00:00
1417,2020-08-11 00:00:00
1418,2018-10-10 00:00:00
1419,2020-03-29 00:00:00
1420,2020-05-21 00:00:00
1421,2020-01-29 00:00:00
1422,2022-12-16 00:00:00
1423,2015-12-29 00:00:00
1424,2021-10-25 00:00:00
1425,2021-06-27 00:00:00
1426,2014-12-23 00:00:00
1427,2020-04-13 00:00:00
1428,2016-08-20 00:00:00
1429,2022-10-11 00:00:00
1430,2019-05-06 00:00:00
1431,2018-11-17 00:00:00
1432,2017-10-25 00:00:00
1433,2021-03-31 00:00:00
1434,2016-11-19 00:00:00
1435,2020-09-02 00:00:00
1436,2017-11-18 00:00:00
1437,2018-11-20 00:00:00
1438,2016-08-07 00:00:00
1439,2020-08-29 00:00:00
1440,2017-08-11 00:00:00
1441,2021-04-13 00:00:00
1442,2016-07-13 00:00:00
1443,2016-07-15 00:00:00
1444,2013-09-04 00:00:00
1445,2019-04-12 00:00:00
1446,2019-07-04 00:00:00
1447,2020-06-26 00:00:00
1448,2015-06-21 00:00:00
1449,2018-01-03 00:00:00
1450,2022-03-14 00:00:00
1451,2021-08-07 00:00:00
1452,2022-08-14 00:00:00
1453,2022-10-20 00:00:00
1454,2022-12-02 00:00:00
1455,2016-07-12 00:00:00
1456,2019-07-02 00:00:00
1457,2022-08-13 00:00:00
1458,2017-04-29 00:00:00
1459,2018-12-07 00:00:00
1460,2018-08-22 00:00:00
1461,2017-08-07 00:00:00
1462,2016-08-11 00:00:00
1463,2022-05-15 00:00:00
1464,2016-06-07 00:00:00
1465,2015-08-26 00:00:00
1466,2021-03-04 00:00:00
1467,2022-12-19 00:00:00
1468,2019-06-28 00:00:00
1469,2014-07-16 00:00:00
1470,2013-08-29 00:00:00
1471,2015-05-28 00:00:00
1472,2018-08-01 00:00:00
1473,2015-09-03 00:00:00
1474,2017-10-13 00:00:00
1475,2019-12-05 00:00:00
1476,2017-08-05 00:00:00
1477,2013-02-02 00:00:00
1478,2022-06-24 00:00:00
1479,2013-08-05 00:00:00
1480,2022-08-19 00:00:00
1481,2017-08-13 00:00:00
1482,2015-07-27 00:00:00
1483,2015-03-04 00:00:00
1484,2017-09-06 00:00:00
1485,2013-03-07 00:00:00
1486,2020-01-05 00:00:00
1487,2016-12-09 00:00:00
1488,2022-06-05 00:00:00
1489,2016-09-03 00:00:00
1490,2022-11-22 00:00:00
1491,2017-02-12 00:00:00
1492,2021-01-23 00:00:00
1493,2017-11-12 00:00:00
1494,2015-10-19 00:00:00
1495,2018-05-05 00:00:00
1496,2014-03-03 00:00:00
1497,2015-09-29 00:00:00
1498,2019-07-23 00:00:00
1499,2022-06-20 00:00:00
1500,2022-12-07 00:00:00
1501,2013-01-04 00:00:00
1502,2016-05-13 00:00:00
1503,2021-07-20 00:00:00
1504,2021-09-19 00:00:00
1505,2019-03-03 00:00:00
1506,2020-05-02 00:00:00
1507,2019-09-16 00:00:00
1508,2016-11-30 00:00:00
1509,2020-11-09 00:00:00
1510,2013-12-26 00:00:00
1511,2017-02-20 00:00:00
1512,2015-11-17 00:00:00
1513,2020-06-06 00:00:00
1514,2020-12-07 00:00:00
1515,2016-06-20 00:00:00
1516,2016-03-16 00:00:00
1517,2016-12-16 00:00:00
1518,2020-03-01 00:00:00
1519,2018-11-04 00:00:00
1520,2019-03-22 00:00:00
1521,2015-10-17 00:00:00
1522,2020-04-18 00:00:00
1523,2021-11-28 00:00:00
1524,2018-03-10 00:00:00
1525,2018-02-08 00:00:00
1526,2022-11-20 00:00:00
1527,2016-02-29 00:00:00
1528,2015-10-10 00:00:00
1529,2016-07-08 00:00:00
1530,2016-06-26 00:00:00
1531,2019-06-05 00:00:00
1532,2020-09-18 00:00:00
1533,2018-05-13 00:00:00
1534,2020-08-21 00:00:00
1535,2017-03-29 00:00:00
1536,2017-07-07 00:00:00
1537,2020-02-03 00:00:00
1538,2019-08-08 00:00:00
1539,2020-05-04 00:00:00
1540,2022-04-21 00:00:00
1541,2016-12-31 00:00:00
1542,2016-10-18 00:00:00
1543,2020-07-30 00:00:00
1544,2014-10-04 00:00:00
1545,2021-09-01 00:00:00
1546,2021-09-03 00:00:00
1547,2020-06-23 00:00:00
1548,2021-10-29 00:00:00
1549,2020-05-09 00:00:00
1550,2017-05-13 00:00:00
1551,2020-08-04 00:00:00
1552,2018-10-29 00:00:00
1553,2019-07-08 00:00:00
1554,2017-06-05 00:00:00
1555,2018-06-21 00:00:00
1556,2014-08-19 00:00:00
1557,2017-03-24 00:00:00
1558,2018-08-30 00:00:00
1559,2014-08-28 00:00:00
1560,2013-01-29 00:00:00
1561,2015-03-05 00:00:00
1562,2017-05-09 00:00:00
1563,2015-01-01 00:00:00
1564,2017-12-21 00:00:00
1565,2018-03-26 00:00:00
1566,2017-05-08 00:00:00
1567,2015-01-20 00:00:00
1568,2016-07-20 00:00:00
1569,2015-08-15 00:00:00
1570,2016-12-25 00:00:00
1571,2019-12-06 00:00:00
1572,2015-07-20 00:00:00
1573,2021-02-09 00:00:00
1574,2020-07-12 00:00:00
1575,2014-07-09 00:00:00
1576,2020-08-15 00:00:00
1577,2021-03-20 00:00:00
1578,2022-10-03 00:00:00
1579,2021-06-14 00:00:00
1580,2018-01-04 00:00:00
1581,2015-05-18 00:00:00
1582,2019-04-05 00:00:00
1583,2016-08-16 00:00:00
1584,2017-04-22 00:00:00
1585,2019-11-11 00:00:00
1586,2013-04-12 00:00:00
1587,2014-11-19 00:00:00
1588,2014-12-19 00:00:00
1589,2015-05-21 00:00:00
1590,2019-02-23 00:00:00
1591,2020-06-10 00:00:00
1592,2021-08-29 00:00:00
1593,2015-11-07 00:00:00
1594,2014-03-23 00:00:00
1595,2019-06-25 00:00:00
1596,2018-01-25 00:00:00
1597,2018-11-30 00:00:00
1598,2018-05-21 00:00:00
1599,2018-05-26 00:00:00
1600,2018-06-23 00:00:00
1601,2020-04-16 00:00:00
1602,2013-02-04 00:00:00
1603,2021-04-12 00:00:00
1604,2017-09-18 00:00:00
1605,2017-11-29 00:00:00
1606,2022-04-12 00:00:00
1607,2021-08-08 00:00:00
1608,2017-04-07 00:00:00
1609,2013-05-27 00:00:00
1610,2015-11-24 00:00:00
1611,2022-09-23 00:00:00
1612,2015-07-22 00:00:00
1613,2018-11-14 00:00:00
1614,2017-06-07 00:00:00
1615,2014-09-12 00:00:00
1616,2016-10-21 00:00:00
1617,2019-04-28 00:00:00
1618,2022-01-17 00:00:00
1619,2020-05-29 00:00:00
1620,2020-12-23 00:00:00
1621,2014-07-17 00:00:00
1622,2016-11-18 00:00:00
1623,2022-07-07 00:00:00
1624,2016-12-26 00:00:00
1625,2021-03-13 00:00:00
1626,2014-05-25 00:00:00
1627,2013-03-11 00:00:00
1628,2014-07-30 00:00:00
1629,2021-07-29 00:00:00
1630,2015-01-12 00:00:00
1631,2013-11-16 00:00:00
1632,2014-01-29 00:00:00
1633,2022-03-08 00:00:00
1634,2019-01-06 00:00:00
1635,2018-01-31 00:00:00
1636,2017-02-15 00:00:00
1637,2016-10-31 00:00:00
1638,2020-06-08 00:00:00
1639,2022-06-25 00:00:00
1640,2019-03-13 00:00:00
1641,2018-03-09 00:00:00
1642,2015-06-05 00:00:00
1643,2016-03-08 00:00:00
1644,2017-11-05 00:00:00
1645,2015-05-07 00:00:00
1646,2022-02-06 00:00:00
1647,2018-12-04 00:00:00
1648,2021-10-30 00:00:00
1649,2014-12-10 00:00:00
1650,2022-01-13 00:00:00
1651,2017-03-03 00:00:00
1652,2021-02-26 00:00:00
1653,2018-10-13 00:00:00
1654,2022-07-13 00:00:00
1655,2022-06-27 00:00:00
1656,2013-01-09 00:00:00
1657,2013-09-06 00:00:00
1658,2018-04-06 00:00:00
1659,2019-03-10 00:00:00
1660,2016-06-16 00:00:00
1661,2014-11-11 00:00:00
1662,2014-01-26 00:00:00
1663,2016-01-14 00:00:00
1664,2013-11-12 00:00:00
1665,2017-01-04 00:00:00
1666,2019-10-28 00:00:00
1667,2021-08-28 00:00:00
1668,2014-07-28 00:00:00
1669,2018-08-29 00:00:00
1670,2021-02-21 00:00:00
1671,2020-05-27 00:00:00
1672,2019-05-25 00:00:00
1673,2016-08-04 00:00:00
1674,2013-08-31 00:00:00
1675,2015-07-11 00:00:00
1676,2019-01-05 00:00:00
1677,2014-07-10 00:00:00
1678,2021-11-16 00:00:00
1679,2022-03-02 00:00:00
1680,2016-08-19 00:00:00
1681,2013-12-08 00:00:00
1682,2015-06-12 00:00:00
1683,2017-10-22 00:00:00
1684,2013-05-15 00:00:00
1685,2021-05-06 00:00:00
1686,2013-11-18 00:00:00
1687,2021-01-04 00:00:00
1688,2021-10-04 00:00:00
1689,2015-06-20 00:00:00
1690,2020-09-08 00:00:00
1691,2021-04-19 00:00:00
1692,2019-07-25 00:00:00
1693,2014-12-11 00:00:00
1694,2019-01-29 00:00:00
1695,2019-02-06 00:00:00
1696,2019-12-13 00:00:00
1697,2020-08-16 00:00:00
1698,2014-12-25 00:00:00
1699,2014-09-27 00:00:00
1700,2013-03-18 00:00:00
1701,2022-09-07 00:00:00
1702,2021-05-15 00:00:00
1703,2014-09-08 00:00:00
1704,2017-10-23 00:00:00
1705,2019-11-05 00:00:00
1706,2017-05-31 00:00:00
1707,2016-01-24 00:00:00
1708,2020-05-10 00:00:00
1709,2021-09-09 00:00:00
1710,2016-01-07 00:00:00
1711,2013-09-20 00:00:00
1712,2014-04-09 00:00:00
1713,2019-02-14 00:00:00
1714,2020-12-11 00:00:00
1715,2021-04-15 00:00:00
1716,2018-07-05 00:00:00
1717,2018-11-29 00:00:00
1718,2022-02-12 00:00:00
1719,2017-12-11 00:00:00
1720,2016-02-08 00:00:00
1721,2022-01-10 00:00:00
1722,2016-05-25 00:00:00
1723,2014-04-10 00:00:00
1724,2018-11-13 00:00:00
1725,2015-01-30 00:00:00
1726,2018-03-31 00:00:00
1727,2019-01-20 00:00:00
1728,2018-04-13 00:00:00
1729,2014-11-14 00:00:00
1730,2016-10-01 00:00:00
1731,2018-02-20 00:00:00
1732,2020-12-31 00:00:00
1733,2021-08-26 00:00:00
1734,2020-07-29 00:00:00
1735,2015-07-12 00:00:00
1736,2021-02-07 00:00:00
1737,2021-03-12 00:00:00
1738,2021-02-25 00:00:00
1739,2020-06-04 00:00:00
1740,2020-07-24 00:00:00
1741,2018-05-12 00:00:00
1742,2021-11-09 00:00:00
1743,2017-10-26 00:00:00
1744,2015-11-20 00:00:00
1745,2016-12-06 00:00:00
1746,2014-07-05 00:00:00
1747,2019-01-15 00:00:00
1748,2020-05-28 00:00:00
1749,2016-01-04 00:00:00
1750,2021-03-26 00:00:00
1751,2018-04-15 00:00:00
1752,2022-11-16 00:00:00
1753,2019-11-26 00:00:00
1754,2013-10-21 00:00:00
1755,2015-10-20 00:00:00
1756,2019-11-27 00:00:00
1757,2019-11-21 00:00:00
1758,2022-12-11 00:00:00
1759,2016-06-19 00:00:00
1760,2019-02-28 00:00:00
1761,2020-01-02 00:00:00
1762,2018-06-25 00:00:00
1763,2014-02-19 00:00:00
1764,2014-12-05 00:00:00
1765,2020-03-17 00:00:00
1766,2014-09-24 00:00:00
1767,2019-08-26 00:00:00
1768,2020-01-27 00:00:00
1769,2017-12-31 00:00:00
1770,2018-09-02 00:00:00
1771,2018-01-07 00:00:00
1772,2017-08-12 00:00:00
1773,2020-02-09 00:00:00
1774,2020-07-31 00:00:00
1775,2017-03-13 00:00:00
1776,2018-10-30 00:00:00
1777,2020-02-07 00:00:00
1778,2022-10-19 00:00:00
1779,2013-10-12 00:00:00
1780,2019-10-27 00:00:00
1781,2018-09-12 00:00:00
1782,2014-04-04 00:00:00
1783,2020-07-13 00:00:00
1784,2022-02-23 00:00:00
1785,2013-07-06 00:00:00
1786,2021-03-11 00:00:00
1787,2018-07-19 00:00:00
1788,2020-05-20 00:00:00
1789,2019-12-20 00:00:00
1790,2019-10-09 00:00:00
1791,2021-03-06 00:00:00
1792,2018-02-28 00:00:00
1793,2017-10-16 00:00:00
1794,2021-10-13 00:00:00
1795,2018-01-17 00:00:00
1796,2020-12-18 00:00:00
1797,2013-08-16 00:00:00
1798,2017-07-24 00:00:00
1799,2016-02-19 00:00:00
1800,2018-07-09 00:00:00
1801,2019-01-23 00:00:00
1802,2017-05-15 00:00:00
1803,2017-07-14 00:00:00
1804,2022-09-08 00:00:00
1805,2018-06-11 00:00:00
1806,2015-01-24 00:00:00
1807,2019-07-13 00:00:00
1808,2014-01-03 00:00:00
1809,2019-02-04 00:00:00
1810,2017-03-06 00:00:00
1811,2019-08-14 00:00:00
1812,2019-06-29 00:00:00
1813,2022-01-30 00:00:00
1814,2015-08-08 00:00:00
1815,2013-10-29 00:00:00
1816,2017-12-09 00:00:00
1817,2015-12-10 00:00:00
1818,2013-08-30 00:00:00
1819,2020-02-06 00:00:00
1820,2015-01-14 00:00:00
1821,2014-06-21 00:00:00
1822,2014-04-01 00:00:00
1823,2016-05-09 00:00:00
1824,2019-03-23 00:00:00
1825,2015-05-30 00:00:00
1826,2017-03-01 00:00:00
1827,2013-11-07 00:00:00
1828,2016-10-04 00:00:00
1829,2014-10-02 00:00:00
1830,2016-06-02 00:00:00
1831,2013-03-22 00:00:00
1832,2015-11-11 00:00:00
1833,2020-10-07 00:00:00
1834,2019-10-15 00:00:00
1835,2014-02-24 00:00:00
1836,2020-03-20 00:00:00
1837,2019-09-02 00:00:00
1838,2022-08-31 00:00:00
1839,2022-03-30 00:00:00
1840,2017-12-28 00:00:00
1841,2017-01-20 00:00:00
1842,2021-02-01 00:00:00
1843,2020-11-10 00:00:00
1844,2021-05-11 00:00:00
1845,2017-08-19 00:00:00
1846,2021-11-08 00:00:00
1847,2016-11-16 00:00:00
1848,2017-09-19 00:00:00
1849,2022-12-20 00:00:00
1850,2020-04-26 00:00:00
1851,2014-04-29 00:00:00
1852,2016-07-16 00:00:00
1853,2013-06-14 00:00:00
1854,2018-02-11 00:00:00
1855,2017-03-04 00:00:00
1856,2022-06-03 00:00:00
1857,2018-04-26 00:00:00
1858,2016-03-03 00:00:00
1859,2015-11-15 00:00:00
1860,2021-12-29 00:00:00
1861,2013-10-15 00:00:00
1862,2015-07-16 00:00:00
1863,2016-10-09 00:00:00
1864,2021-11-23 00:00:00
1865,2017-02-22 00:00:00
1866,2013-12-16 00:00:00
1867,2017-11-02 00:00:00
1868,2020-07-23 00:00:00
1869,2019-03-24 00:00:00
1870,2013-10-04 00:00:00
1871,2019-07-06 00:00:00
1872,2017-07-22 00:00:00
1873,2022-09-15 00:00:00
1874,2017-12-10 00:00:00
1875,2022-08-02 00:00:00
1876,2017-12-26 00:00:00
1877,2013-01-15 00:00:00
1878,2021-09-06 00:00:00
1879,2016-07-07 00:00:00
1880,2013-02-26 00:00:00
1881,2014-03-05 00:00:00
1882,2017-05-23 00:00:00
1883,2018-08-27 00:00:00
1884,2016-12-12 00:00:00
1885,2013-11-06 00:00:00
1886,2015-08-24 00:00:00
1887,2019-01-27 00:00:00
1888,2021-09-17 00:00:00
1889,2016-11-25 00:00:00
1890,2021-07-06 00:00:00
1891,2022-10-26 00:00:00
1892,2022-07-05 00:00:00
1893,2021-08-04 00:00:00
1894,2015-08-21 00:00:00
1895,2022-04-28 00:00:00
1896,2018-04-09 00:00:00
1897,2018-11-08 00:00:00
1898,2015-11-12 00:00:00
1899,2013-05-29 00:00:00
1900,2018-03-02 00:00:00
1901,2014-01-16 00:00:00
1902,2021-02-27 00:00:00
1903,2020-06-27 00:00:00
1904,2021-07-01 00:00:00
1905,2021-01-06 00:00:00
1906,2015-08-09 00:00:00
1907,2022-02-10 00:00:00
1908,2013-04-30 00:00:00
1909,2021-02-28 00:00:00
1910,2014-07-26 00:00:00
1911,2022-02-17 00:00:00
1912,2017-03-28 00:00:00
1913,2022-12-15 00:00:00
1914,2013-09-17 00:00:00
1915,2018-07-30 00:00:00
1916,2017-12-17 00:00:00
1917,2018-01-13 00:00:00
1918,2019-10-16 00:00:00
1919,2018-12-03 00:00:00
1920,2015-09-21 00:00:00
1921,2014-01-13 00:00:00
1922,2015-10-15 00:00:00
1923,2018-07-10 00:00:00
1924,2014-01-02 00:00:00
1925,2014-09-17 00:00:00
1926,2017-02-10 00:00:00
1927,2013-07-01 00:00:00
1928,2017-07-30 00:00:00
1929,2015-10-21 00:00:00
1930,2018-09-22 00:00:00
1931,2022-07-25 00:00:00
1932,2019-01-19 00:00:00
1933,2022-05-04 00:00:00
1934,2013-09-26 00:00:00
1935,2017-12-15 00:00:00
1936,2016-09-13 00:00:00
1937,2019-01-10 00:00:00
1938,2020-02-18 00:00:00
1939,2013-04-05 00:00:00
1940,2016-07-28 00:00:00
1941,2017-06-04 00:00:00
1942,2016-04-22 00:00:00
1943,2022-03-05 00:00:00
1944,2019-01-16 00:00:00
1945,2018-12-10 00:00:00
1946,2015-12-15 00:00:00
1947,2022-03-07 00:00:00
1948,2019-04-29 00:00:00
1949,2022-12-28 00:00:00
1950,2019-06-03 00:00:00
1951,2019-07-11 00:00:00
1952,2018-07-07 00:00:00
1953,2019-09-09 00:00:00
1954,2021-10-15 00:00:00
1955,2017-03-19 00:00:00
1956,2014-07-20 00:00:00
1957,2016-03-01 00:00:00
1958,2015-04-21 00:00:00
1959,2015-07-30 00:00:00
1960,2015-08-02 00:00:00
1961,2013-04-03 00:00:00
1962,2014-10-21 00:00:00
1963,2013-01-02 00:00:00
1964,2016-12-30 00:00:00
1965,2018-10-31 00:00:00
1966,2018-09-01 00:00:00
1967,2021-12-15 00:00:00
1968,2014-02-09 00:00:00
1969,2019-06-07 00:00:00
1970,2017-03-27 00:00:00
1971,2022-05-28 00:00:00
1972,2014-03-25 00:00:00
1973,2013-09-03 00:00:00
1974,2022-02-16 00:00:00
1975,2015-10-23 00:00:00
1976,2015-05-29 00:00:00
1977,2016-06-30 00:00:00
1978,2019-07-22 00:00:00
1979,2020-08-17 00:00:00
1980,2018-12-17 00:00:00
1981,2022-03-24 00:00:00
1982,2013-03-01 00:00:00
1983,2013-01-31 00:00:00
1984,2018-11-05 00:00:00
1985,2016-03-22 00:00:00
1986,2015-12-08 00:00:00
1987,2020-05-14 00:00:00
1988,2020-06-01 00:00:00
1989,2020-12-02 00:00:00
1990,2020-03-06 00:00:00
1991,2021-06-10 00:00:00
1992,2019-05-14 00:00:00
1993,2017-04-30 00:00:00
1994,2021-08-09 00:00:00
1995,2013-12-18 00:00:00
1996,2015-08-13 00:00:00
1997,2015-01-17 00:00:00
1998,2022-05-10 00:00:00
1999,2019-08-06 00:00:00
2000,2022-05-12 00:00:00
2001,2014-10-18 00:00:00
2002,2014-04-07 00:00:00
2003,2018-05-15 00:00:00
2004,2018-03-27 00:00:00
2005,2019-07-26 00:00:00
2006,2020-05-16 00:00:00
2007,2016-03-28 00:00:00
2008,2016-01-08 00:00:00
2009,2013-11-20 00:00:00
2010,2015-01-26 00:00:00
2011,2018-12-28 00:00:00
2012,2017-02-23 00:00:00
2013,2014-06-24 00:00:00
2014,2014-08-22 00:00:00
2015,2015-01-21 00:00:00
2016,2019-11-07 00:00:00
2017,2013-02-01 00:00:00
2018,2016-05-19 00:00:00
2019,2016-08-02 00:00:00
2020,2019-06-15 00:00:00
2021,2014-10-15 00:00:00
2022,2018-02-24 00:00:00
2023,2017-05-14 00:00:00
2024,2016-03-13 00:00:00
2025,2014-10-12 00:00:00
2026,2021-10-09 00:00:00
2027,2014-06-22 00:00:00
2028,2020-03-04 00:00:00
2029,2021-12-23 00:00:00
2030,2020-08-18 00:00:00
2031,2020-09-05 00:00:00
2032,2016-09-09 00:00:00
2033,2013-07-25 00:00:00
2034,2021-06-18 00:00:00
2035,2015-06-28 00:00:00
2036,2019-12-23 00:00:00
2037,2013-12-28 00:00:00
2038,2021-12-04 00:00:00
2039,2019-12-11 00:00:00
2040,2019-04-25 00:00:00
2041,2014-05-23 00:00:00
2042,2014-06-15 00:00:00
2043,2019-11-10 00:00:00
2044,2014-10-20 00:00:00
2045,2020-12-21 00:00:00
2046,2016-06-28 00:00:00
2047,2018-05-08 00:00:00
2048,2017-03-25 00:00:00
2049,2017-08-16 00:00:00
2050,2021-09-02 00:00:00
2051,2020-10-01 00:00:00
2052,2014-02-12 00:00:00
2053,2015-01-09 00:00:00
2054,2022-07-10 00:00:00
2055,2021-02-02 00:00:00
2056,2017-07-09 00:00:00
2057,2014-01-06 00:00:00
2058,2018-11-25 00:00:00
2059,2019-07-20 00:00:00
2060,2016-11-14 00:00:00
2061,2019-01-22 00:00:00
2062,2020-09-28 00:00:00
2063,2021-06-29 00:00:00
2064,2020-03-16 00:00:00
2065,2021-03-17 00:00:00
2066,2018-01-15 00:00:00
2067,2013-07-27 00:00:00
2068,2021-06-19 00:00:00
2069,2019-02-20 00:00:00
2070,2019-04-22 00:00:00
2071,2014-01-01 00:00:00
2072,2019-05-18 00:00:00
2073,2016-07-09 00:00:00
2074,2014-01-25 00:00:00
2075,2022-06-14 00:00:00
2076,2021-10-16 00:00:00
2077,2021-01-01 00:00:00
2078,2017-10-07 00:00:00
2079,2014-11-07 00:00:00
2080,2020-11-27 00:00:00
2081,2017-09-28 00:00:00
2082,2020-05-30 00:00:00
2083,2018-12-23 00:00:00
2084,2015-03-28 00:00:00
2085,2014-06-07 00:00:00
2086,2020-06-14 00:00:00
2087,2016-07-01 00:00:00
2088,2015-03-17 00:00:00
2089,2016-10-16 00:00:00
2090,2021-09-22 00:00:00
2091,2018-01-09 00:00:00
2092,2017-05-19 00:00:00
2093,2013-02-25 00:00:00
2094,2014-12-09 00:00:00
2095,2019-09-14 00:00:00
2096,2015-10-11 00:00:00
2097,2021-12-27 00:00:00
2098,2017-11-30 00:00:00
2099,2019-03-09 00:00:00
2100,2014-09-29 00:00:00
2101,2019-02-24 00:00:00
2102,2021-11-30 00:00:00
2103,2016-02-24 00:00:00
2104,2022-10-23 00:00:00
2105,2013-04-19 00:00:00
2106,2014-12-24 00:00:00
2107,2017-06-06 00:00:00
2108,2020-04-12 00:00:00
2109,2018-09-10 00:00:00
2110,2014-09-21 00:00:00
2111,2020-01-03 00:00:00
2112,2019-07-10 00:00:00
2113,2021-07-31 00:00:00
2114,2019-07-15 00:00:00
2115,2020-01-06 00:00:00
2116,2022-10-02 00:00:00
2117,2019-10-02 00:00:00
2118,2015-11-29 00:00:00
2119,2013-02-10 00:00:00
2120,2014-03-29 00:00:00
2121,2014-05-10 00:00:00
2122,2018-05-27 00:00:00
2123,2013-07-04 00:00:00
2124,2018-10-14 00:00:00
2125,2014-04-13 00:00:00
2126,2022-09-30 00:00:00
2127,2022-10-05 00:00:00
2128,2015-09-26 00:00:00
2129,2022-07-01 00:00:00
2130,2017-01-07 00:00:00
2131,2017-11-06 00:00:00
2132,2019-08-11 00:00:00
2133,2016-04-04 00:00:00
2134,2016-08-30 00:00:00
2135,2013-10-06 00:00:00
2136,2021-03-19 00:00:00
2137,2020-06-24 00:00:00
2138,2013-09-10 00:00:00
2139,2015-06-14 00:00:00
2140,2022-07-20 00:00:00
2141,2015-08-27 00:00:00
2142,2020-04-27 00:00:00
2143,2022-02-03 00:00:00
2144,2022-07-27 00:00:00
2145,2016-01-16 00:00:00
2146,2016-05-06 00:00:00
2147,2022-12-27 00:00:00
2148,2022-08-22 00:00:00
2149,2022-05-13 00:00:00
2150,2013-10-07 00:00:00
2151,2015-02-25 00:00:00
2152,2022-10-18 00:00:00
2153,2022-01-29 00:00:00
2154,2015-12-12 00:00:00
2155,2013-12-24 00:00:00
2156,2019-09-01 00:00:00
2157,2020-03-22 00:00:00
2158,2021-04-23 00:00:00
2159,2015-12-14 00:00:00
2160,2022-02-08 00:00:00
2161,2014-09-26 00:00:00
2162,2019-08-27 00:00:00
2163,2022-01-09 00:00:00
2164,2021-04-08 00:00:00
2165,2017-06-01 00:00:00
2166,2013-06-12 00:00:00
2167,2019-03-08 00:00:00
2168,2018-01-29 00:00:00
2169,2021-02-23 00:00:00
2170,2013-09-29 00:00:00
2171,2013-06-26 00:00:00
2172,2020-10-15 00:00:00
2173,2017-08-08 00:00:00
2174,2015-05-19 00:00:00
2175,2017-04-10 00:00:00
2176,2015-04-09 00:00:00
2177,2013-04-25 00:00:00
2178,2021-06-30 00:00:00
2179,2019-12-25 00:00:00
2180,2020-09-10 00:00:00
2181,2019-07-05 00:00:00
2182,2018-08-13 00:00:00
2183,2015-09-01 00:00:00
2184,2015-04-23 00:00:00
2185,2018-03-18 00:00:00
2186,2015-11-23 00:00:00
2187,2019-10-01 00:00:00
2188,2022-05-18 00:00:00
2189,2021-04-01 00:00:00
2190,2021-11-06 00:00:00
2191,2021-11-21 00:00:00
2192,2020-02-23 00:00:00
2193,2020-06-22 00:00:00
2194,2015-08-16 00:00:00
2195,2021-01-13 00:00:00
2196,2022-11-15 00:00:00
2197,2019-08-21 00:00:00
2198,2020-02-16 00:00:00
2199,2013-05-22 00:00:00
2200,2019-10-04 00:00:00
2201,2014-06-17 00:00:00
2202,2020-01-10 00:00:00
2203,2016-01-02 00:00:00
2204,2022-10-28 00:00:00
2205,2014-12-21 00:00:00
2206,2022-06-07 00:00:00
2207,2017-07-19 00:00:00
2208,2017-12-19 00:00:00
2209,2014-01-15 00:00:00
2210,2022-11-27 00:00:00
2211,2016-09-15 00:00:00
2212,2019-07-27 00:00:00
2213,2018-08-26 00:00:00
2214,2019-08-19 00:00:00
2215,2016-09-26 00:00:00
2216,2021-01-24 00:00:00
2217,2013-12-14 00:00:00
2218,2018-07-01 00:00:00
2219,2015-11-14 00:00:00
2220,2018-11-07 00:00:00
2221,2021-09-15 00:00:00
2222,2018-05-02 00:00:00
2223,2018-03-24 00:00:00
2224,2021-12-03 00:00:00
2225,2016-05-08 00:00:00
2226,2022-03-18 00:00:00
2227,2016-10-10 00:00:00
2228,2017-05-21 00:00:00
2229,2020-03-09 00:00:00
2230,2014-10-14 00:00:00
2231,2015-02-23 00:00:00
2232,2017-01-10 00:00:00
2233,2016-01-19 00:00:00
2234,2016-07-19 00:00:00
2235,2019-07-01 00:00:00
2236,2018-12-22 00:00:00
2237,2019-07-09 00:00:00
2238,2017-10-02 00:00:00
2239,2013-04-28 00:00:00
2240,2022-05-14 00:00:00
2241,2019-10-12 00:00:00
2242,2020-09-22 00:00:00
2243,2016-03-27 00:00:00
2244,2015-01-29 00:00:00
2245,2020-08-23 00:00:00
2246,2022-12-04 00:00:00
2247,2018-01-28 00:00:00
2248,2022-09-13 00:00:00
2249,2022-11-05 00:00:00
2250,2014-12-13 00:00:00
2251,2019-03-12 00:00:00
2252,2015-12-07 00:00:00
2253,2017-12-14 00:00:00
2254,2015-09-09 00:00:00
2255,2013-09-24 00:00:00
2256,2017-03-21 00:00:00
2257,2022-04-13 00:00:00
2258,2017-02-13 00:00:00
2259,2017-06-27 00:00:00
2260,2013-02-18 00:00:00
2261,2016-12-07 00:00:00
2262,2018-01-14 00:00:00
2263,2021-03-02 00:00:00
2264,2018-02-27 00:00:00
2265,2018-05-06 00:00:00
2266,2013-03-05 00:00:00
2267,2016-11-24 00:00:00
2268,2022-05-24 00:00:00
2269,2022-11-09 00:00:00
2270,2021-04-02 00:00:00
2271,2020-11-21 00:00:00
2272,2013-01-14 00:00:00
2273,2021-09-30 00:00:00
2274,2013-08-18 00:00:00
2275,2013-06-03 00:00:00
2276,2022-07-02 00:00:00
2277,2019-06-08 00:00:00
2278,2021-01-25 00:00:00
2279,2021-03-16 00:00:00
2280,2020-06-09 00:00:00
2281,2022-12-23 00:00:00
2282,2018-06-28 00:00:00
2283,2022-01-23 00:00:00
2284,2015-02-14 00:00:00
2285,2021-05-01 00:00:00
2286,2019-11-19 00:00:00
2287,2018-08-09 00:00:00
2288,2013-12-25 00:00:00
2289,2013-07-21 00:00:00
2290,2019-09-04 00:00:00
2291,2015-08-06 00:00:00
2292,2017-09-15 00:00:00
2293,2021-04-18 00:00:00
2294,2014-02-01 00:00:00
2295,2021-11-15 00:00:00
2296,2022-03-29 00:00:00
2297,2020-01-14 00:00:00
2298,2021-08-10 00:00:00
2299,2019-09-12 00:00:00
2300,2017-12-06 00:00:00
2301,2017-12-07 00:00:00
2302,2016-10-13 00:00:00
2303,2015-03-02 00:00:00
2304,2020-04-28 00:00:00
2305,2020-07-15 00:00:00
2306,2017-07-12 00:00:00
2307,2015-06-08 00:00:00
2308,2013-02-24 00:00:00
2309,2013-09-09 00:00:00
2310,2017-09-10 00:00:00
2311,2018-07-20 00:00:00
2312,2015-10-01 00:00:00
2313,2018-02-15 00:00:00
2314,2018-01-10 00:00:00
2315,2014-12-06 00:00:00
2316,2014-12-22 00:00:00
2317,2013-05-30 00:00:00
2318,2014-12-02 00:00:00
2319,2015-04-05 00:00:00
2320,2019-09-15 00:00:00
2321,2013-08-14 00:00:00
2322,2014-01-07 00:00:00
2323,2013-09-30 00:00:00
2324,2014-08-07 00:00:00
2325,2016-11-05 00:00:00
2326,2020-01-20 00:00:00
2327,2017-06-11 00:00:00
2328,2018-05-01 00:00:00
2329,2013-02-27 00:00:00
2330,2017-03-31 00:00:00
2331,2016-01-18 00:00:00
2332,2021-08-12 00:00:00
2333,2017-04-25 00:00:00
2334,2019-10-14 00:00:00
2335,2022-03-04 00:00:00
2336,2018-08-31 00:00:00
2337,2022-07-29 00:00:00
2338,2020-09-17 00:00:00
2339,2014-09-14 00:00:00
2340,2020-11-14 00:00:00
2341,2018-12-13 00:00:00
2342,2020-03-05 00:00:00
2343,2020-04-22 00:00:00
2344,2017-06-16 00:00:00
2345,2020-09-25 00:00:00
2346,2021-08-16 00:00:00
2347,2021-05-31 00:00:00
2348,2018-09-20 00:00:00
2349,2021-01-30 00:00:00
2350,2021-12-24 00:00:00
2351,2017-04-11 00:00:00
2352,2013-04-01 00:00:00
2353,2019-07-17 00:00:00
2354,2020-06-28 00:00:00
2355,2015-11-22 00:00:00
2356,2017-01-13 00:00:00
2357,2019-05-22 00:00:00
2358,2017-11-28 00:00:00
2359,2019-05-01 00:00:00
2360,2018-04-11 00:00:00
2361,2013-10-13 00:00:00
2362,2016-08-14 00:00:00
2363,2017-01-08 00:00:00
2364,2021-07-23 00:00:00
2365,2021-01-18 00:00:00
2366,2015-04-30 00:00:00
2367,2021-09-24 00:00:00
2368,2017-02-18 00:00:00
2369,2020-07-19 00:00:00
2370,2018-10-11 00:00:00
2371,2016-08-10 00:00:00
2372,2013-06-02 00:00:00
2373,2016-08-17 00:00:00
2374,2017-08-02 00:00:00
2375,2021-07-19 00:00:00
2376,2020-09-19 00:00:00
2377,2016-12-18 00:00:00
2378,2016-07-25 00:00:00
2379,2013-11-17 00:00:00
2380,2017-01-18 00:00:00
2381,2021-01-16 00:00:00
2382,2021-04-06 00:00:00
2383,2015-05-12 00:00:00
2384,2014-09-01 00:00:00
2385,2022-07-12 00:00:00
2386,2014-09-11 00:00:00
2387,2021-11-10 00:00:00
2388,2020-09-30 00:00:00
2389,2018-10-02 00:00:00
2390,2021-02-12 00:00:00
2391,2018-05-07 00:00:00
2392,2016-12-20 00:00:00
2393,2019-08-30 00:00:00
2394,2021-03-23 00:00:00
2395,2015-09-15 00:00:00
2396,2014-10-19 00:00:00
2397,2014-07-07 00:00:00
2398,2022-04-16 00:00:00
2399,2022-07-16 00:00:00
2400,2020-07-27 00:00:00
2401,2017-06-15 00:00:00
2402,2017-09-03 00:00:00
2403,2018-03-19 00:00:00
2404,2022-07-03 00:00:00
2405,2013-08-07 00:00:00
2406,2022-06-12 00:00:00
2407,2013-04-20 00:00:00
2408,2016-12-10 00:00:00
2409,2017-04-12 00:00:00
2410,2021-02-17 00:00:00
2411,2015-01-22 00:00:00
2412,2017-06-25 00:00:00
2413,2019-04-02 00:00:00
2414,2020-03-03 00:00:00
2415,2019-12-31 00:00:00
2416,2020-09-13 00:00:00
2417,2015-03-10 00:00:00
2418,2015-06-19 00:00:00
2419,2014-12-18 00:00:00
2420,2016-10-14 00:00:00
2421,2016-04-12 00:00:00
2422,2018-05-29 00:00:00
2423,2018-12-29 00:00:00
2424,2013-04-02 00:00:00
2425,2014-08-26 00:00:00
2426,2020-04-29 00:00:00
2427,2022-07-22 00:00:00
2428,2013-07-19 00:00:00
2429,2016-05-29 00:00:00
2430,2016-11-12 00:00:00
2431,2017-09-13 00:00:00
2432,2014-11-12 00:00:00
2433,2022-04-08 00:00:00
2434,2018-12-15 00:00:00
2435,2016-02-28 00:00:00
2436,2016-12-24 00:00:00
2437,2018-03-20 00:00:00
2438,2020-02-11 00:00:00
2439,2021-01-15 00:00:00
2440,2017-03-18 00:00:00
2441,2014-05-19 00:00:00
2442,2018-12-16 00:00:00
2443,2013-02-13 00:00:00
2444,2016-04-17 00:00:00
2445,2019-01-24 00:00:00
2446,2014-08-06 00:00:00
2447,2021-02-24 00:00:00
2448,2019-10-17 00:00:00
2449,2016-12-01 00:00:00
2450,2013-11-09 00:00:00
2451,2017-04-16 00:00:00
2452,2020-02-12 00:00:00
2453,2022-02-28 00:00:00
2454,2021-06-03 00:00:00
2455,2022-07-21 00:00:00
2456,2022-09-28 00:00:00
2457,2022-05-23 00:00:00
2458,2019-10-05 00:00:00
2459,2017-11-14 00:00:00
2460,2020-01-09 00:00:00
2461,2015-05-04 00:00:00
2462,2022-08-28 00:00:00
2463,2017-01-03 00:00:00
2464,2013-12-04 00:00:00
2465,2021-07-26 00:00:00
2466,2019-07-31 00:00:00
2467,2013-08-13 00:00:00
2468,2013-07-12 00:00:00
2469,2022-06-16 00:00:00
2470,2016-06-22 00:00:00
2471,2018-04-22 00:00:00
2472,2014-09-05 00:00:00
2473,2018-02-23 00:00:00
2474,2015-04-26 00:00:00
2475,2017-02-17 00:00:00
2476,2018-04-14 00:00:00
2477,2019-06-09 00:00:00
2478,2014-10-05 00:00:00
2479,2022-09-05 00:00:00
2480,2016-08-05 00:00:00
2481,2013-08-09 00:00:00
2482,2013-05-08 00:00:00
2483,2015-02-09 00:00:00
2484,2014-03-26 00:00:00
2485,2014-11-02 00:00:00
2486,2017-11-16 00:00:00
2487,2021-03-28 00:00:00
2488,2020-11-20 00:00:00
2489,2018-06-30 00:00:00
2490,2013-06-28 00:00:00
2491,2021-11-27 00:00:00
2492,2022-06-13 00:00:00
2493,2021-07-18 00:00:00
2494,2020-01-07 00:00:00
2495,2022-01-14 00:00:00
2496,2019-08-22 00:00:00
2497,2013-01-08 00:00:00
2498,2022-10-15 00:00:00
2499,2022-06-30 00:00:00
2500,2017-08-03 00:00:00
2501,2015-05-23 00:00:00
2502,2014-11-17 00:00:00
2503,2017-08-30 00:00:00
2504,2016-05-22 00:00:00
2505,2017-06-13 00:00:00
2506,2016-07-05 00:00:00
2507,2016-08-06 00:00:00
2508,2017-05-29 00:00:00
2509,2015-03-27 00:00:00
2510,2017-12-20 00:00:00
2511,2022-06-22 00:00:00
2512,2016-06-10 00:00:00
2513,2020-09-20 00:00:00
2514,2020-01-18 00:00:00
2515,2018-07-02 00:00:00
2516,2013-12-10 00:00:00
2517,2013-07-14 00:00:00
2518,2015-02-04 00:00:00
2519,2021-08-21 00:00:00
2520,2020-09-23 00:00:00
2521,2020-08-31 00:00:00
2522,2015-11-08 00:00:00
2523,2022-02-21 00:00:00
2524,2013-09-21 00:00:00
2525,2013-01-30 00:00:00
2526,2020-08-07 00:00:00
2527,2013-02-16 00:00:00
2528,2013-07-05 00:00:00
2529,2013-01-05 00:00:00
2530,2021-12-31 00:00:00
2531,2014-08-09 00:00:00
2532,2017-04-17 00:00:00
2533,2014-11-16 00:00:00
2534,2014-05-30 00:00:00
2535,2015-09-13 00:00:00
2536,2015-03-08 00:00:00
2537,2019-10-26 00:00:00
2538,2021-12-16 00:00:00
2539,2014-03-01 00:00:00
2540,2020-10-26 00:00:00
2541,2015-05-11 00:00:00
2542,2018-02-21 00:00:00
2543,2020-06-17 00:00:00
2544,2016-01-29 00:00:00
2545,2020-01-28 00:00:00
2546,2019-05-31 00:00:00
2547,2018-05-09 00:00:00
2548,2013-05-01 00:00:00
2549,2022-05-25 00:00:00
2550,2020-07-26 00:00:00
2551,2022-09-02 00:00:00
2552,2021-12-02 00:00:00
2553,2017-10-27 00:00:00
2554,2020-12-19 00:00:00
2555,2018-03-15 00:00:00
2556,2018-07-31 00:00:00
2557,2016-05-01 00:00:00
2558,2017-03-30 00:00:00
2559,2016-12-28 00:00:00
2560,2020-07-09 00:00:00
2561,2016-03-26 00:00:00
2562,2017-09-14 00:00:00
2563,2016-08-27 00:00:00
2564,2020-01-01 00:00:00
2565,2017-10-19 00:00:00
2566,2013-02-07 00:00:00
2567,2018-08-20 00:00:00
2568,2017-09-09 00:00:00
2569,2017-09-21 00:00:00
2570,2019-10-07 00:00:00
2571,2019-07-12 00:00:00
2572,2022-05-30 00:00:00
2573,2013-01-23 00:00:00
2574,2013-03-15 00:00:00
2575,2014-10-28 00:00:00
2576,2020-10-24 00:00:00
2577,2022-07-19 00:00:00
2578,2022-11-30 00:00:00
2579,2022-04-19 00:00:00
2580,2014-05-16 00:00:00
2581,2017-03-22 00:00:00
2582,2015-05-10 00:00:00
2583,2016-07-03 00:00:00
2584,2013-05-26 00:00:00
2585,2018-11-18 00:00:00
2586,2020-10-03 00:00:00
2587,2022-10-25 00:00:00
2588,2018-07-04 00:00:00
2589,2015-08-05 00:00:00
2590,2020-11-22 00:00:00
2591,2017-10-28 00:00:00
2592,2020-10-27 00:00:00
2593,2013-01-11 00:00:00
2594,2022-12-13 00:00:00
2595,2020-12-13 00:00:00
2596,2018-07-28 00:00:00
2597,2017-06-19 00:00:00
2598,2016-10-19 00:00:00
2599,2020-12-15 00:00:00
2600,2014-07-13 00:00:00
2601,2020-01-04 00:00:00
2602,2017-10-31 00:00:00
2603,2013-03-12 00:00:00
2604,2013-11-19 00:00:00
2605,2016-08-24 00:00:00
2606,2018-05-10 00:00:00
2607,2013-09-18 00:00:00
2608,2019-01-04 00:00:00
2609,2017-11-09 00:00:00
2610,2014-02-25 00:00:00
2611,2022-09-06 00:00:00
2612,2017-06-17 00:00:00
2613,2022-12-30 00:00:00
2614,2018-02-26 00:00:00
2615,2014-06-20 00:00:00
2616,2014-03-12 00:00:00
2617,2018-05-18 00:00:00
2618,2021-05-14 00:00:00
2619,2016-08-26 00:00:00
2620,2022-11-07 00:00:00
2621,2016-02-07 00:00:00
2622,2014-10-13 00:00:00
2623,2022-02-15 00:00:00
2624,2018-02-06 00:00:00
2625,2018-09-26 00:00:00
2626,2022-11-14 00:00:00
2627,2015-11-30 00:00:00
2628,2015-12-05 00:00:00
2629,2015-05-22 00:00:00
2630,2014-06-12 00:00:00
2631,2019-09-28 00:00:00
2632,2021-01-08 00:00:00
2633,2019-04-17 00:00:00
2634,2022-10-16 00:00:00
2635,2016-06-12 00:00:00
2636,2014-02-23 00:00:00
2637,2020-07-02 00:00:00
2638,2015-03-01 00:00:00
2639,2016-11-21 00:00:00
2640,2013-02-17 00:00:00
2641,2018-03-03 00:00:00
2642,2018-08-10 00:00:00
2643,2019-04-08 00:00:00
2644,2018-09-13 00:00:00
2645,2013-05-04 00:00:00
2646,2014-03-19 00:00:00
2647,2015-08-07 00:00:00
2648,2019-09-21 00:00:00
2649,2021-04-04 00:00:00
2650,2019-09-11 00:00:00
2651,2015-08-29 00:00:00
2652,2016-02-01 00:00:00
2653,2021-01-14 00:00:00
2654,2015-12-19 00:00:00
2655,2022-01-22 00:00:00
2656,2018-03-04 00:00:00
2657,2020-12-28 00:00:00
2658,2017-11-10 00:00:00
2659,2015-11-18 00:00:00
2660,2014-01-27 00:00:00
2661,2015-02-16 00:00:00
2662,2018-07-23 00:00:00
2663,2020-07-22 00:00:00
2664,2022-10-13 00:00:00
2665,2017-02-01 00:00:00
2666,2013-05-03 00:00:00
2667,2013-12-07 00:00:00
2668,2016-11-27 00:00:00
2669,2015-10-27 00:00:00
2670,2014-01-11 00:00:00
2671,2019-05-10 00:00:00
2672,2016-10-12 00:00:00
2673,2015-08-30 00:00:00
2674,2017-05-03 00:00:00
2675,2019-01-31 00:00:00
2676,2016-05-24 00:00:00
2677,2016-03-07 00:00:00
2678,2020-08-12 00:00:00
2679,2019-09-19 00:00:00
2680,2016-06-06 00:00:00
2681,2013-10-27 00:00:00
2682,2019-10-25 00:00:00
2683,2013-12-30 00:00:00
2684,2020-08-06 00:00:00
2685,2022-11-11 00:00:00
2686,2019-09-20 00:00:00
2687,2022-10-31 00:00:00
2688,2021-05-21 00:00:00
2689,2015-11-26 00:00:00
2690,2019-10-19 00:00:00
2691,2017-09-26 00:00:00
2692,2020-11-25 00:00:00
2693,2016-05-02 00:00:00
2694,2016-01-21 00:00:00
2695,2015-01-04 00:00:00
2696,2020-06-07 00:00:00
2697,2020-02-26 00:00:00
2698,2021-10-08 00:00:00
2699,2015-11-05 00:00:00
2700,2015-06-01 00:00:00
2701,2019-02-01 00:00:00
2702,2020-06-30 00:00:00
2703,2020-01-12 00:00:00
2704,2020-07-28 00:00:00
2705,2013-01-17 00:00:00
2706,2015-08-01 00:00:00
2707,2014-08-10 00:00:00
2708,2017-06-09 00:00:00
2709,2015-03-06 00:00:00
2710,2020-07-05 00:00:00
2711,2015-07-31 00:00:00
2712,2018-04-30 00:00:00
2713,2013-10-03 00:00:00
2714,2016-08-22 00:00:00
2715,2022-11-08 00:00:00
2716,2015-12-06 00:00:00
2717,2015-06-27 00:00:00
2718,2017-04-02 00:00:00
2719,2013-04-08 00:00:00
2720,2018-07-17 00:00:00
2721,2014-05-11 00:00:00
2722,2015-04-10 00:00:00
2723,2020-10-11 00:00:00
2724,2014-08-24 00:00:00
2725,2013-01-01 00:00:00
2726,2014-10-16 00:00:00
2727,2019-06-02 00:00:00
2728,2016-01-06 00:00:00
2729,2016-07-11 00:00:00
2730,2018-01-30 00:00:00
2731,2019-11-18 00:00:00
2732,2019-05-23 00:00:00
2733,2016-11-15 00:00:00
2734,2014-03-08 00:00:00
2735,2016-01-28 00:00:00
2736,2020-04-08 00:00:00
2737,2017-07-17 00:00:00
2738,2020-07-01 00:00:00
2739,2016-06-18 00:00:00
2740,2020-01-22 00:00:00
2741,2018-03-08 00:00:00
2742,2019-08-03 00:00:00
2743,2013-07-24 00:00:00
2744,2014-12-20 00:00:00
2745,2013-08-23 00:00:00
2746,2013-10-16 00:00:00
2747,2016-10-24 00:00:00
2748,2022-08-06 00:00:00
2749,2020-12-05 00:00:00
2750,2013-04-24 00:00:00
2751,2015-01-05 00:00:00
2752,2013-11-27 00:00:00
2753,2016-05-07 00:00:00
2754,2022-04-15 00:00:00
2755,2014-09-10 00:00:00
2756,2017-04-21 00:00:00
2757,2019-05-24 00:00:00
2758,2018-08-16 00:00:00
2759,2016-05-28 00:00:00
2760,2020-12-27 00:00:00
2761,2015-04-06 00:00:00
2762,2019-02-10 00:00:00
2763,2017-02-21 00:00:00
2764,2017-10-09 00:00:00
2765,2013-08-15 00:00:00
2766,2019-11-23 00:00:00
2767,2018-10-09 00:00:00
2768,2015-07-09 00:00:00
2769,2014-10-06 00:00:00
2770,2022-04-24 00:00:00
2771,2018-02-04 00:00:00
2772,2021-03-21 00:00:00
2773,2013-07-10 00:00:00
2774,2014-08-17 00:00:00
2775,2015-10-30 00:00:00
2776,2018-02-03 00:00:00
2777,2020-03-31 00:00:00
2778,2016-11-28 00:00:00
2779,2020-11-05 00:00:00
2780,2016-09-01 00:00:00
2781,2022-01-24 00:00:00
2782,2018-10-08 00:00:00
2783,2016-05-30 00:00:00
2784,2013-10-11 00:00:00
2785,2013-06-15 00:00:00
2786,2020-07-07 00:00:00
2787,2021-01-03 00:00:00
2788,2017-11-19 00:00:00
2789,2016-10-06 00:00:00
2790,2017-07-23 00:00:00
2791,2015-03-07 00:00:00
2792,2018-04-02 00:00:00
2793,2019-02-13 00:00:00
2794,2019-08-13 00:00:00
2795,2015-03-26 00:00:00
2796,2021-01-20 00:00:00
2797,2019-12-14 00:00:00
2798,2014-12-04 00:00:00
2799,2018-09-09 00:00:00
2800,2019-06-30 00:00:00
2801,2018-02-09 00:00:00
2802,2021-01-27 00:00:00
2803,2018-11-10 00:00:00
2804,2014-10-03 00:00:00
2805,2013-05-05 00:00:00
2806,2014-11-20 00:00:00
2807,2016-06-08 00:00:00
2808,2017-07-08 00:00:00
2809,2021-06-08 00:00:00
2810,2015-09-08 00:00:00
2811,2016-12-23 00:00:00
2812,2019-02-26 00:00:00
2813,2015-02-17 00:00:00
2814,2020-12-08 00:00:00
2815,2016-11-26 00:00:00
2816,2018-07-16 00:00:00
2817,2015-09-20 00:00:00
2818,2019-03-30 00:00:00
2819,2013-09-05 00:00:00
2820,2018-09-14 00:00:00
2821,2016-02-18 00:00:00
2822,2014-12-17 00:00:00
2823,2016-02-11 00:00:00
2824,2021-04-16 00:00:00
2825,2017-08-15 00:00:00
2826,2017-03-17 00:00:00
2827,2019-09-10 00:00:00
2828,2014-04-14 00:00:00
2829,2018-06-09 00:00:00
2830,2014-02-17 00:00:00
2831,2017-03-11 00:00:00
2832,2014-03-11 00:00:00
2833,2021-05-13 00:00:00
2834,2019-11-02 00:00:00
2835,2017-10-30 00:00:00
2836,2016-04-06 00:00:00
2837,2016-09-07 00:00:00
2838,2016-07-26 00:00:00
2839,2015-05-13 00:00:00
2840,2022-02-02 00:00:00
2841,2014-12-31 00:00:00
2842,2015-12-04 00:00:00
2843,2017-12-05 00:00:00
2844,2018-06-13 00:00:00
2845,2020-09-01 00:00:00
2846,2015-10-28 00:00:00
2847,2019-03-02 00:00:00
2848,2020-08-10 00:00:00
2849,2017-02-06 00:00:00
2850,2014-05-14 00:00:00
2851,2018-12-25 00:00:00
2852,2021-11-11 00:00:00
2853,2015-07-21 00:00:00
2854,2021-12-08 00:00:00
2855,2015-06-04 00:00:00
2856,2017-10-12 00:00:00
2857,2018-09-15 00:00:00
2858,2014-01-30 00:00:00
2859,2017-05-30 00:00:00
2860,2017-09-27 00:00:00
2861,2016-09-11 00:00:00
2862,2022-10-27 00:00:00
2863,2014-08-27 00:00:00
2864,2022-06-29 00:00:00
2865,2014-08-14 00:00:00
2866,2020-07-25 00:00:00
2867,2013-08-20 00:00:00
2868,2022-03-01 00:00:00
2869,2019-03-27 00:00:00
2870,2019-04-10 00:00:00
2871,2019-10-23 00:00:00
2872,2021-06-16 00:00:00
2873,2014-06-23 00:00:00
2874,2016-04-26 00:00:00
2875,2015-04-25 00:00:00
2876,2021-11-17 00:00:00
2877,2022-10-21 00:00:00
2878,2016-03-15 00:00:00
2879,2016-05-27 00:00:00
2880,2020-03-14 00:00:00
2881,2016-10-30 00:00:00
2882,2013-03-03 00:00:00
2883,2016-09-14 00:00:00
2884,2017-02-04 00:00:00
2885,2020-01-26 00:00:00
2886,2014-05-18 00:00:00
2887,2020-06-02 00:00:00
2888,2016-03-24 00:00:00
2889,2014-12-03 00:00:00
2890,2022-09-11 00:00:00
2891,2020-08-25 00:00:00
2892,2015-05-27 00:00:00
2893,2022-10-17 00:00:00
2894,2020-10-31 00:00:00
2895,2014-08-31 00:00:00
2896,2013-10-09 00:00:00
2897,2013-12-21 00:00:00
2898,2021-09-13 00:00:00
2899,2021-06-02 00:00:00
2900,2015-03-22 00:00:00
2901,2013-09-28 00:00:00
2902,2017-04-14 00:00:00
2903,2018-08-07 00:00:00
2904,2014-08-23 00:00:00
2905,2018-08-12 00:00:00
2906,2016-11-22 00:00:00
2907,2018-06-16 00:00:00
2908,2018-05-24 00:00:00
2909,2021-11-01 00:00:00
2910,2013-06-11 00:00:00
2911,2013-05-09 00:00:00
2912,2014-03-13 00:00:00
2913,2019-10-22 00:00:00
2914,2018-06-20 00:00:00
2915,2016-09-28 00:00:00
2916,2015-10-26 00:00:00
2917,2020-12-24 00:00:00
2918,2015-06-29 00:00:00
2919,2017-05-18 00:00:00
2920,2022-05-19 00:00:00
2921,2017-03-15 00:00:00
2922,2020-04-25 00:00:00
2923,2021-09-11 00:00:00
2924,2015-09-10 00:00:00
2925,2016-04-05 00:00:00
2926,2019-06-19 00:00:00
2927,2015-09-16 00:00:00
2928,2021-09-04 00:00:00
2929,2015-04-13 00:00:00
2930,2020-11-29 00:00:00
2931,2013-07-28 00:00:00
2932,2018-01-08 00:00:00
2933,2019-12-07 00:00:00
2934,2021-01-31 00:00:00
2935,2018-04-12 00:00:00
2936,2018-08-15 00:00:00
2937,2014-08-29 00:00:00
2938,2013-06-21 00:00:00
2939,2019-04-07 00:00:00
2940,2014-05-05 00:00:00
2941,2013-11-02 00:00:00
2942,2018-01-18 00:00:00
2943,2021-09-10 00:00:00
2944,2016-08-15 00:00:00
2945,2014-11-23 00:00:00
2946,2013-05-16 00:00:00
2947,2021-09-12 00:00:00
2948,2019-10-13 00:00:00
2949,2021-02-18 00:00:00
2950,2016-05-21 00:00:00
2951,2013-05-11 00:00:00
2952,2016-02-04 00:00:00
2953,2016-06-14 00:00:00
2954,2016-03-05 00:00:00
2955,2016-03-23 00:00:00
2956,2021-06-06 00:00:00
2957,2022-12-05 00:00:00
2958,2019-08-20 00:00:00
2959,2021-11-02 00:00:00
2960,2017-04-28 00:00:00
2961,2015-05-20 00:00:00
2962,2014-09-18 00:00:00
2963,2022-11-28 00:00:00
2964,2019-12-04 00:00:00
2965,2017-05-07 00:00:00
2966,2018-03-14 00:00:00
2967,2022-10-04 00:00:00
2968,2016-07-24 00:00:00
2969,2019-12-18 00:00:00
2970,2021-07-27 00:00:00
2971,2017-04-06 00:00:00
2972,2016-03-09 00:00:00
2973,2022-09-25 00:00:00
2974,2018-05-22 00:00:00
2975,2021-11-25 00:00:00
2976,2014-11-24 00:00:00
2977,2017-02-16 00:00:00
2978,2014-04-12 00:00:00
2979,2021-01-10 00:00:00
2980,2020-08-26 00:00:00
2981,2021-02-14 00:00:00
2982,2021-05-29 00:00:00
2983,2019-11-12 00:00:00
2984,2018-12-18 00:00:00
2985,2022-05-03 00:00:00
2986,2019-02-09 00:00:00
2987,2013-01-07 00:00:00
2988,2020-03-02 00:00:00
2989,2019-11-16 00:00:00
2990,2020-10-09 00:00:00
2991,2021-06-12 00:00:00
2992,2019-08-10 00:00:00
2993,2020-06-29 00:00:00
2994,2014-08-01 00:00:00
2995,2020-06-15 00:00:00
2996,2020-11-26 00:00:00
2997,2017-08-21 00:00:00
2998,2016-12-22 00:00:00
2999,2017-09-20 00:00:00
3000,2016-11-29 00:00:00
3001,2017-07-15 00:00:00
3002,2021-12-30 00:00:00
3003,2015-05-01 00:00:00
3004,2014-06-16 00:00:00
3005,2014-05-29 00:00:00
3006,2021-10-06 00:00:00
3007,2014-03-28 00:00:00
3008,2016-11-17 00:00:00
3009,2022-06-04 00:00:00
3010,2015-06-03 00:00:00
3011,2019-01-08 00:00:00
3012,2021-04-17 00:00:00
3013,2015-11-02 00:00:00
3014,2018-01-16 00:00:00
3015,2013-09-11 00:00:00
3016,2018-11-24 00:00:00
3017,2016-09-04 00:00:00
3018,2020-04-30 00:00:00
3019,2020-06-05 00:00:00
3020,2013-02-14 00:00:00
3021,2017-12-23 00:00:00
3022,2019-12-16 00:00:00
3023,2013-05-18 00:00:00
3024,2022-02-11 00:00:00
3025,2020-05-15 00:00:00
3026,2016-08-12 00:00:00
3027,2022-08-27 00:00:00
3028,2022-07-31 00:00:00
3029,2015-11-21 00:00:00
3030,2022-08-15 00:00:00
3031,2014-06-03 00:00:00
3032,2019-02-27 00:00:00
3033,2017-08-24 00:00:00
3034,2021-02-05 00:00:00
3035,2021-08-02 00:00:00
3036,2020-05-03 00:00:00
3037,2020-04-04 00:00:00
3038,2022-09-01 00:00:00
3039,2018-07-26 00:00:00
3040,2017-10-01 00:00:00
3041,2019-05-02 00:00:00
3042,2018-06-24 00:00:00
3043,2019-08-23 00:00:00
3044,2017-11-17 00:00:00
3045,2021-04-30 00:00:00
3046,2013-11-08 00:00:00
3047,2020-06-20 00:00:00
3048,2014-02-28 00:00:00
3049,2018-08-14 00:00:00
3050,2017-12-24 00:00:00
3051,2014-04-17 00:00:00
3052,2020-01-16 00:00:00
3053,2015-09-24 00:00:00
3054,2018-02-17 00:00:00
3055,2020-02-28 00:00:00
3056,2020-04-23 00:00:00
3057,2013-11-13 00:00:00
3058,2021-12-01 00:00:00
3059,2017-10-11 00:00:00
3060,2022-02-13 00:00:00
3061,2022-11-25 00:00:00
3062,2013-01-26 00:00:00
3063,2022-11-21 00:00:00
3064,2018-09-21 00:00:00
3065,2017-04-01 00:00:00
3066,2017-05-10 00:00:00
3067,2018-04-07 00:00:00
3068,2016-03-17 00:00:00
3069,2013-10-19 00:00:00
3070,2019-05-21 00:00:00
3071,2016-09-18 00:00:00
3072,2021-11-24 00:00:00
3073,2018-05-11 00:00:00
3074,2022-09-12 00:00:00
3075,2018-11-02 00:00:00
3076,2016-05-23 00:00:00
3077,2017-12-16 00:00:00
3078,2018-07-21 00:00:00
3079,2014-10-30 00:00:00
3080,2021-04-03 00:00:00
3081,2022-05-09 00:00:00
3082,2019-08-25 00:00:00
3083,2020-04-02 00:00:00
3084,2015-09-19 00:00:00
3085,2017-08-20 00:00:00
3086,2013-06-13 00:00:00
3087,2020-09-04 00:00:00
3088,2017-07-01 00:00:00
3089,2014-04-15 00:00:00
3090,2017-10-04 00:00:00
3091,2020-05-05 00:00:00
3092,2016-05-14 00:00:00
3093,2017-06-21 00:00:00
3094,2019-10-20 00:00:00
3095,2019-10-10 00:00:00
3096,2018-01-21 00:00:00
3097,2022-11-01 00:00:00
3098,2015-03-29 00:00:00
3099,2017-11-04 00:00:00
3100,2021-04-20 00:00:00
3101,2015-05-08 00:00:00
3102,2013-11-24 00:00:00
3103,2013-11-29 00:00:00
3104,2016-07-04 00:00:00
3105,2020-08-24 00:00:00
3106,2017-12-12 00:00:00
3107,2019-11-04 00:00:00
3108,2018-01-11 00:00:00
3109,2013-04-10 00:00:00
3110,2014-03-30 00:00:00
3111,2021-11-14 00:00:00
3112,2022-02-27 00:00:00
3113,2016-04-19 00:00:00
3114,2015-07-17 00:00:00
3115,2015-07-15 00:00:00
3116,2017-08-27 00:00:00
3117,2013-03-24 00:00:00
3118,2018-01-05 00:00:00
3119,2013-06-24 00:00:00
3120,2018-06-17 00:00:00
3121,2016-06-13 00:00:00
3122,2016-01-20 00:00:00
3123,2014-05-15 00:00:00
3124,2014-07-27 00:00:00
3125,2016-03-14 00:00:00
3126,2018-02-18 00:00:00
3127,2020-04-09 00:00:00
3128,2020-12-26 00:00:00
3129,2017-04-26 00:00:00
3130,2013-06-25 00:00:00
3131,2022-03-19 00:00:00
3132,2014-09-20 00:00:00
3133,2015-05-02 00:00:00
3134,2013-08-22 00:00:00
3135,2013-05-10 00:00:00
3136,2015-03-12 00:00:00
3137,2017-08-10 00:00:00
3138,2021-07-24 00:00:00
3139,2021-09-16 00:00:00
3140,2020-06-11 00:00:00
3141,2013-04-23 00:00:00
3142,2015-05-14 00:00:00
3143,2018-06-01 00:00:00
3144,2016-09-29 00:00:00
3145,2015-10-08 00:00:00
3146,2015-04-04 00:00:00
3147,2022-05-02 00:00:00
3148,2018-02-01 00:00:00
3149,2013-12-15 00:00:00
3150,2019-10-29 00:00:00
3151,2016-03-12 00:00:00
3152,2015-01-25 00:00:00
3153,2019-10-08 00:00:00
3154,2016-05-11 00:00:00
3155,2021-09-25 00:00:00
3156,2014-09-07 00:00:00
3157,2015-01-31 00:00:00
3158,2017-03-02 00:00:00
3159,2015-11-27 00:00:00
3160,2016-11-13 00:00:00
3161,2022-07-24 00:00:00
3162,2017-05-25 00:00:00
3163,2020-06-13 00:00:00
3164,2019-02-05 00:00:00
3165,2013-10-02 00:00:00
3166,2013-11-14 00:00:00
3167,2021-06-01 00:00:00
3168,2017-07-25 00:00:00
3169,2015-03-13 00:00:00
3170,2019-03-25 00:00:00
3171,2018-12-21 00:00:00
3172,2020-08-08 00:00:00
3173,2014-02-07 00:00:00
3174,2022-10-06 00:00:00
3175,2017-07-21 00:00:00
3176,2017-09-05 00:00:00
3177,2014-05-31 00:00:00
3178,2021-12-22 00:00:00
3179,2022-03-13 00:00:00
3180,2018-07-24 00:00:00
3181,2015-06-09 00:00:00
3182,2020-11-16 00:00:00
3183,2022-10-22 00:00:00
3184,2015-01-16 00:00:00
3185,2022-01-26 00:00:00
3186,2016-05-03 00:00:00
3187,2019-07-14 00:00:00
3188,2017-07-13 00:00:00
3189,2014-02-05 00:00:00
3190,2017-02-27 00:00:00
3191,2021-07-30 00:00:00
3192,2016-05-20 00:00:00
3193,2019-06-01 00:00:00
3194,2015-12-28 00:00:00
3195,2013-07-15 00:00:00
3196,2014-01-22 00:00:00
3197,2019-01-13 00:00:00
3198,2017-09-25 00:00:00
3199,2013-07-09 00:00:00
3200,2019-09-30 00:00:00
3201,2020-08-19 00:00:00
3202,2013-09-19 00:00:00
3203,2014-11-25 00:00:00
3204,2021-04-22 00:00:00
3205,2017-12-02 00:00:00
3206,2014-12-28 00:00:00
3207,2016-02-22 00:00:00
3208,2015-12-27 00:00:00
3209,2014-10-31 00:00:00
3210,2017-11-15 00:00:00
3211,2016-04-30 00:00:00
3212,2017-01-21 00:00:00
3213,2022-05-06 00:00:00
3214,2017-05-05 00:00:00
3215,2017-01-12 00:00:00
3216,2014-02-16 00:00:00
3217,2018-10-07 00:00:00
3218,2022-06-28 00:00:00
3219,2022-02-19 00:00:00
3220,2013-08-28 00:00:00
3221,2017-05-17 00:00:00
3222,2019-06-24 00:00:00
3223,2021-08-06 00:00:00
3224,2022-11-17 00:00:00
3225,2020-10-10 00:00:00
3226,2013-07-17 00:00:00
3227,2017-01-14 00:00:00
3228,2022-05-16 00:00:00
3229,2014-09-16 00:00:00
3230,2015-06-10 00:00:00
3231,2020-04-17 00:00:00
3232,2014-01-31 00:00:00
3233,2022-12-17 00:00:00
3234,2019-06-13 00:00:00
3235,2017-12-08 00:00:00
3236,2015-04-22 00:00:00
3237,2021-12-28 00:00:00
3238,2014-02-06 00:00:00
3239,2013-06-10 00:00:00
3240,2014-11-03 00:00:00
3241,2014-01-04 00:00:00
3242,2015-02-15 00:00:00
3243,2015-04-15 00:00:00
3244,2016-07-31 00:00:00
3245,2019-07-21 00:00:00
3246,2018-10-05 00:00:00
3247,2015-04-20 00:00:00
3248,2013-03-28 00:00:00
3249,2019-12-12 00:00:00
3250,2018-10-03 00:00:00
3251,2019-09-06 00:00:00
3252,2019-06-10 00:00:00
3253,2017-08-17 00:00:00
3254,2019-04-16 00:00:00
3255,2015-05-25 00:00:00
3256,2022-03-27 00:00:00
3257,2020-04-20 00:00:00
3258,2020-04-01 00:00:00
3259,2016-07-06 00:00:00
3260,2021-03-22 00:00:00
3261,2019-11-22 00:00:00
3262,2013-11-04 00:00:00
3263,2018-10-20 00:00:00
3264,2019-09-17 00:00:00
3265,2013-05-02 00:00:00
3266,2015-05-15 00:00:00
3267,2022-01-11 00:00:00
3268,2018-06-22 00:00:00
3269,2020-04-05 00:00:00
3270,2016-04-07 00:00:00
3271,2014-03-09 00:00:00
3272,2020-06-25 00:00:00
3273,2017-04-05 00:00:00
3274,2019-10-03 00:00:00
3275,2018-05-30 00:00:00
3276,2018-08-25 00:00:00
3277,2019-04-13 00:00:00
3278,2016-04-08 00:00:00
3279,2015-10-16 00:00:00
3280,2015-07-28 00:00:00
3281,2016-01-30 00:00:00
3282,2014-07-06 00:00:00
3283,2022-07-11 00:00:00
3284,2018-09-06 00:00:00
3285,2017-07-28 00:00:00
3286,2014-01-08 00:00:00
3287,2015-09-27 00:00:00
3288,2018-01-19 00:00:00
3289,2017-09-17 00:00:00
3290,2020-08-02 00:00:00
3291,2016-01-10 00:00:00
3292,2022-10-12 00:00:00
3293,2018-11-06 00:00:00
3294,2016-04-27 00:00:00
3295,2018-04-29 00:00:00
3296,2022-11-29 00:00:00
3297,2017-10-24 00:00:00
3298,2013-03-26 00:00:00
3299,2017-01-17 00:00:00
3300,2013-06-16 00:00:00
3301,2018-09-08 00:00:00
3302,2013-02-11 00:00:00
3303,2013-01-27 00:00:00
3304,2017-06-20 00:00:00
3305,2013-06-19 00:00:00
3306,2014-02-21 00:00:00
3307,2013-11-01 00:00:00
3308,2014-07-14 00:00:00
3309,2020-07-11 00:00:00
3310,2019-10-11 00:00:00
3311,2020-12-12 00:00:00
3312,2018-10-21 00:00:00
3313,2021-04-11 00:00:00
3314,2014-04-22 00:00:00
3315,2022-09-27 00:00:00
3316,2019-07-29 00:00:00
3317,2018-09-27 00:00:00
3318,2021-03-09 00:00:00
3319,2016-08-29 00:00:00
3320,2021-09-26 00:00:00
3321,2022-04-05 00:00:00
3322,2022-10-14 00:00:00
3323,2015-01-18 00:00:00
3324,2014-12-01 00:00:00
3325,2017-02-25 00:00:00
3326,2015-09-11 00:00:00
3327,2013-01-28 00:00:00
3328,2018-06-12 00:00:00
3329,2020-03-07 00:00:00
3330,2018-05-19 00:00:00
3331,2016-06-15 00:00:00
3332,2015-03-31 00:00:00
3333,2013-03-29 00:00:00
3334,2022-08-10 00:00:00
3335,2018-10-15 00:00:00
3336,2016-02-12 00:00:00
3337,2015-07-25 00:00:00
3338,2020-10-08 00:00:00
3339,2014-07-22 00:00:00
3340,2013-04-04 00:00:00
3341,2014-11-06 00:00:00
3342,2017-01-30 00:00:00
3343,2020-07-18 00:00:00
3344,2016-11-04 00:00:00
3345,2013-02-05 00:00:00
3346,2016-12-08 00:00:00
3347,2016-02-21 00:00:00
3348,2014-03-18 00:00:00
3349,2015-12-20 00:00:00
3350,2013-09-13 00:00:00
3351,2018-09-30 00:00:00
3352,2013-03-20 00:00:00
3353,2021-05-07 00:00:00
3354,2019-09-24 00:00:00
3355,2015-07-18 00:00:00
3356,2018-07-27 00:00:00
3357,2022-01-02 00:00:00
3358,2019-05-08 00:00:00
3359,2019-12-22 00:00:00
3360,2021-07-13 00:00:00
3361,2016-06-23 00:00:00
3362,2013-06-09 00:00:00
3363,2022-01-05 00:00:00
3364,2016-01-27 00:00:00
3365,2018-08-23 00:00:00
3366,2013-06-20 00:00:00
3367,2014-05-07 00:00:00
3368,2019-12-15 00:00:00
3369,2017-05-04 00:00:00
3370,2021-10-26 00:00:00
3371,2019-07-24 00:00:00
3372,2014-10-07 00:00:00
3373,2013-08-08 00:00:00
3374,2013-05-24 00:00:00
3375,2017-02-05 00:00:00
3376,2013-04-15 00:00:00
3377,2017-02-14 00:00:00
3378,2014-05-02 00:00:00
3379,2022-03-28 00:00:00
3380,2018-11-19 00:00:00
3381,2013-11-28 00:00:00
3382,2017-04-18 00:00:00
3383,2015-09-18 00:00:00
3384,2022-05-26 00:00:00
3385,2015-10-14 00:00:00
3386,2018-05-16 00:00:00
3387,2022-02-25 00:00:00
3388,2015-07-01 00:00:00
3389,2018-11-27 00:00:00
3390,2021-09-14 00:00:00
3391,2022-03-22 00:00:00
3392,2014-01-14 00:00:00
3393,2022-01-18 00:00:00
3394,2015-04-07 00:00:00
3395,2014-03-04 00:00:00
3396,2020-02-14 00:00:00
3397,2014-02-13 00:00:00
3398,2017-09-22 00:00:00
3399,2017-12-30 00:00:00
3400,2018-08-04 00:00:00
3401,2021-10-22 00:00:00
3402,2020-10-05 00:00:00
3403,2021-08-31 00:00:00
3404,2020-09-03 00:00:00
3405,2017-02-07 00:00:00
3406,2015-01-13 00:00:00
3407,2016-02-03 00:00:00
3408,2016-10-05 00:00:00
3409,2013-07-07 00:00:00
3410,2020-08-01 00:00:00
3411,2013-10-05 00:00:00
3412,2019-05-12 00:00:00
3413,2022-11-23 00:00:00
3414,2018-05-28 00:00:00
3415,2015-05-16 00:00:00
3416,2020-11-03 00:00:00
3417,2017-11-25 00:00:00
3418,2014-11-21 00:00:00
3419,2016-12-11 00:00:00
3420,2017-09-02 00:00:00
3421,2014-10-17 00:00:00
3422,2014-04-25 00:00:00
3423,2013-10-23 00:00:00
3424,2022-03-06 00:00:00
3425,2021-09-18 00:00:00
3426,2019-05-29 00:00:00
3427,2019-09-23 00:00:00
3428,2021-01-29 00:00:00
3429,2016-04-20 00:00:00
3430,2019-11-06 00:00:00
3431,2015-12-23 00:00:00
3432,2017-03-26 00:00:00
3433,2014-12-12 00:00:00
3434,2015-12-02 00:00:00
3435,2022-03-23 00:00:00
3436,2015-08-31 00:00:00
3437,2022-12-31 00:00:00
3438,2016-12-03 00:00:00
3439,2018-08-08 00:00:00
3440,2017-10-10 00:00:00
3441,2020-09-21 00:00:00
3442,2013-07-23 00:00:00
3443,2021-01-02 00:00:00
3444,2020-12-01 00:00:00
3445,2018-07-14 00:00:00
3446,2016-02-10 00:00:00
3447,2022-10-09 00:00:00
3448,2021-11-12 00:00:00
3449,2018-04-10 00:00:00
3450,2016-02-09 00:00:00
3451,2014-08-25 00:00:00
3452,2017-07-03 00:00:00
3453,2014-06-08 00:00:00
3454,2022-02-22 00:00:00
3455,2020-10-30 00:00:00
3456,2020-02-01 00:00:00
3457,2013-06-30 00:00:00
3458,2016-08-18 00:00:00
3459,2014-03-15 00:00:00
3460,2013-03-10 00:00:00
3461,2022-09-16 00:00:00
3462,2021-11-04 00:00:00
3463,2014-12-30 00:00:00
3464,2021-08-24 00:00:00
3465,2014-05-26 00:00:00
3466,2017-06-08 00:00:00
3467,2018-09-28 00:00:00
3468,2022-02-07 00:00:00
3469,2013-12-03 00:00:00
3470,2019-01-26 00:00:00
3471,2019-04-06 00:00:00
3472,2020-11-18 00:00:00
3473,2020-10-13 00:00:00
3474,2014-11-29 00:00:00
3475,2021-03-29 00:00:00
3476,2013-03-02 00:00:00
3477,2018-10-16 00:00:00
3478,2018-08-06 00:00:00
3479,2021-01-28 00:00:00
3480,2019-10-24 00:00:00
3481,2013-10-18 00:00:00
3482,2020-08-30 00:00:00
3483,2022-10-24 00:00:00
3484,2016-04-28 00:00:00
3485,2021-07-03 00:00:00
3486,2022-06-02 00:00:00
3487,2018-07-08 00:00:00
3488,2022-02-24 00:00:00
3489,2016-10-07 00:00:00
3490,2013-08-01 00:00:00
3491,2021-12-09 00:00:00
3492,2019-12-26 00:00:00
3493,2020-03-27 00:00:00
3494,2022-01-01 00:00:00
3495,2021-05-30 00:00:00
3496,2015-06-16 00:00:00
3497,2018-08-19 00:00:00
3498,2020-09-26 00:00:00
3499,2018-04-20 00:00:00
3500,2019-06-22 00:00:00
3501,2015-10-03 00:00:00
3502,2021-07-28 00:00:00
3503,2013-04-16 00:00:00
3504,2017-08-01 00:00:00
3505,2022-06-11 00:00:00
3506,2021-11-20 00:00:00
3507,2018-03-06 00:00:00
3508,2014-04-11 00:00:00
3509,2017-04-13 00:00:00
3510,2016-12-17 00:00:00
3511,2017-05-22 00:00:00
3512,2022-04-01 00:00:00
3513,2017-08-31 00:00:00
3514,2022-07-14 00:00:00
3515,2020-11-01 00:00:00
3516,2018-08-03 00:00:00
3517,2013-10-20 00:00:00
3518,2014-06-29 00:00:00
3519,2013-12-12 00:00:00
3520,2015-01-07 00:00:00
3521,2018-07-03 00:00:00
3522,2015-03-30 00:00:00
3523,2019-09-29 00:00:00
3524,2020-09-16 00:00:00
3525,2014-04-18 00:00:00
3526,2014-11-27 00:00:00
3527,2020-10-02 00:00:00
3528,2013-11-21 00:00:00
3529,2016-03-18 00:00:00
3530,2017-02-26 00:00:00
3531,2015-09-22 00:00:00
3532,2013-05-17 00:00:00
3533,2015-02-18 00:00:00
3534,2017-12-22 00:00:00
3535,2020-10-06 00:00:00
3536,2016-10-29 00:00:00
3537,2017-01-05 00:00:00
3538,2022-01-07 00:00:00
3539,2016-01-05 00:00:00
3540,2015-03-15 00:00:00
3541,2015-06-07 00:00:00
3542,2019-05-26 00:00:00
3543,2022-02-20 00:00:00
3544,2018-04-28 00:00:00
3545,2014-06-27 00:00:00
3546,2019-01-02 00:00:00
3547,2019-06-16 00:00:00
3548,2018-12-08 00:00:00
3549,2015-02-08 00:00:00
3550,2022-03-16 00:00:00
3551,2019-03-29 00:00:00
3552,2017-09-07 00:00:00
3553,2022-02-05 00:00:00
3554,2022-03-03 00:00:00
3555,2015-09-25 00:00:00
3556,2022-08-04 00:00:00
3557,2017-06-29 00:00:00
3558,2022-09-18 00:00:00
3559,2016-06-04 00:00:00
3560,2013-01-21 00:00:00
3561,2020-10-17 00:00:00
3562,2021-09-23 00:00:00
3563,2019-11-15 00:00:00
3564,2014-04-28 00:00:00
3565,2017-02-28 00:00:00
3566,2022-08-07 00:00:00
3567,2019-08-18 00:00:00
3568,2022-09-14 00:00:00
3569,2015-12-01 00:00:00
3570,2013-05-19 00:00:00
3571,2021-11-07 00:00:00
3572,2016-02-26 00:00:00
3573,2020-05-01 00:00:00
3574,2017-05-26 00:00:00
3575,2015-10-04 00:00:00
3576,2022-11-12 00:00:00
3577,2019-06-17 00:00:00
3578,2017-03-07 00:00:00
3579,2014-05-13 00:00:00
3580,2022-01-25 00:00:00
3581,2014-07-12 00:00:00
3582,2021-02-15 00:00:00
3583,2013-04-27 00:00:00
3584,2022-12-18 00:00:00
3585,2014-04-30 00:00:00
3586,2016-02-14 00:00:00
3587,2018-08-05 00:00:00
3588,2019-06-06 00:00:00
3589,2015-12-30 00:00:00
3590,2018-07-12 00:00:00
3591,2017-08-22 00:00:00
3592,2016-09-27 00:00:00
3593,2020-06-12 00:00:00
3594,2021-07-22 00:00:00
3595,2022-03-11 00:00:00
3596,2019-06-14 00:00:00
3597,2018-06-04 00:00:00
3598,2016-07-17 00:00:00
3599,2021-10-28 00:00:00
3600,2018-09-07 00:00:00
3601,2015-11-19 00:00:00
3602,2022-04-30 00:00:00
3603,2013-05-21 00:00:00
3604,2018-07-22 00:00:00
3605,2018-03-28 00:00:00
3606,2014-09-15 00:00:00
3607,2020-12-03 00:00:00
3608,2022-09-22 00:00:00
3609,2019-03-04 00:00:00
3610,2022-06-06 00:00:00
3611,2015-03-19 00:00:00
3612,2013-07-30 00:00:00
3613,2020-09-12 00:00:00
3614,2015-05-24 00:00:00
3615,2016-04-24 00:00:00
3616,2022-06-23 00:00:00
3617,2022-07-26 00:00:00
3618,2014-06-04 00:00:00
3619,2019-10-06 00:00:00
3620,2015-04-18 00:00:00
3621,2019-09-25 00:00:00
3622,2018-10-22 00:00:00
3623,2016-08-08 00:00:00
3624,2013-06-06 00:00:00
3625,2015-11-03 00:00:00
3626,2014-07-02 00:00:00
3627,2014-10-24 00:00:00
3628,2016-07-14 00:00:00
3629,2013-10-22 00:00:00
3630,2014-05-21 00:00:00
3631,2022-05-21 00:00:00
3632,2021-03-27 00:00:00
3633,2016-09-16 00:00:00
3634,2019-12-02 00:00:00
3635,2018-04-24 00:00:00
3636,2015-10-29 00:00:00
3637,2013-04-29 00:00:00
3638,2018-06-10 00:00:00
3639,2020-03-18 00:00:00
3640,2018-12-09 00:00:00
3641,2014-09-28 00:00:00
3642,2020-02-19 00:00:00
3643,2014-12-07 00:00:00
3644,2015-06-25 00:00:00
3645,2021-06-07 00:00:00
3646,2020-08-22 00:00:00
3647,2021-05-08 00:00:00
3648,2018-12-12 00:00:00
3649,2019-01-21 00:00:00
3650,2019-12-09 00:00:00
3651,2015-04-08 00:00:00
3652,2021-05-02 00:00:00
